likes	coms	favs	size
18	14	13	122
45	14	10	672
55	120	9	4592
79	85	20	518
232	490	35	1154
134	532	66	7201
61	100	6	1158
165	167	41	611
528	519	90	1255
64	48	12	336
192	149	23	1623
366	372	47	1752
461	79	61	281
236	146	75	1380
215	32	25	204
39	63	6	1521
83	195	17	5309
320	106	63	2191
174	87	59	8647
81	167	12	1981
56	26	19	515
165	80	16	653
87	161	11	1136
278	172	116	4310
45	66	12	1093
225	51	14	646
11	9	10	429
519	120	155	1620
160	54	42	2610
65	84	13	2701
151	132	19	922
210	187	56	931
86	122	10	2855
196	108	38	1302
476	244	85	829
135	164	12	1257
81	45	18	1181
38	44	13	973
353	185	81	3119
242	264	57	418
180	74	17	624
284	270	93	4845
1014	664	280	7491
98	214	17	1585
224	61	33	1744
155	126	20	2152
92	44	11	1380
104	133	11	1928
71	69	18	664
131	61	66	5505
225	36	23	303
328	125	111	8033
518	213	61	2022
573	832	87	773
64	278	5	893
0	143	2	1238
59	134	54	816
217	368	17	1179
188	252	21	761
101	226	22	1956
401	366	169	8079
191	232	27	782
356	1206	122	9629
126	159	13	1491
102	512	15	796
83	144	10	2118
241	260	78	4223
244	33	31	983
51	47	17	1100
98	183	15	884
90	91	14	1119
123	88	12	1366
211	88	45	238
175	148	64	2185
116	104	12	891
118	538	58	10092
81	147	14	577
112	123	14	1967
107	113	26	1890
250	92	34	711
64	17	9	650
182	207	23	4213
248	42	14	847
669	195	64	1340
50	53	6	667
85	55	30	706
122	79	11	1457
137	80	30	3172
28	8	6	219
119	252	17	2230
91	48	15	1928
115	60	14	470
183	77	21	2559
67	181	7	591
106	69	25	1551
102	91	16	2348
183	106	30	1882
104	193	44	2282
225	154	59	1066
387	115	71	227
934	1145	666	24162
214	1194	72	5920
171	186	20	1580
338	401	44	1430
158	322	13	1272
39	187	45	4285
49	28	15	2148
343	314	32	4314
151	87	37	1702
1140	579	136	6211
590	412	187	18464
86	241	18	849
179	15	13	1173
167	245	48	8638
98	216	12	1738
46	28	18	435
14	10	6	262
101	100	22	1111
36	108	7	2683
115	51	53	2058
26	59	6	1538
260	127	34	2186
248	116	26	3036
250	285	18	698
57	63	8	612
43	16	8	1428
64	105	17	644
61	149	11	1352
229	93	30	1133
81	59	14	1244
63	43	11	2466
48	54	15	2455
86	247	9	602
126	69	10	558
90	61	12	1083
260	440	60	1273
1180	1071	201	364
207	178	41	3262
356	0	18	1790
119	130	14	1639
54	73	25	2809
124	172	31	6981
77	88	22	2139
274	512	42	860
120	242	21	2584
282	184	53	1760
61	49	10	3968
310	187	40	2291
102	160	19	1257
195	55	48	1302
684	172	168	649
64	118	4	1147
161	258	46	744
444	505	175	6530
33	39	9	733
42	101	4	1547
112	76	15	2385
77	54	8	1381
153	125	32	306
229	165	51	1683
117	1060	53	2858
36	32	9	1505
124	142	13	1802
126	32	45	399
115	54	16	1523
53	20	65	7049
184	873	22	1479
49	29	8	1999
75	171	19	1764
247	267	31	2194
46	27	58	641
56	31	21	2847
77	110	12	2154
191	143	44	5127
203	367	20	1606
305	181	16	965
56	196	14	1116
821	482	327	17165
85	108	11	1737
96	168	15	1067
155	222	49	121
217	238	27	1664
154	207	14	235
78	28	13	1428
249	438	27	1900
562	425	79	779
94	54	69	4657
61	40	5	815
114	81	57	8362
190	313	19	2817
81	214	14	1725
143	166	24	1805
80	109	15	811
254	260	17	636
378	238	38	2387
227	83	75	1325
139	214	26	4227
70	177	14	1239
65	21	12	241
170	107	19	1671
1299	1702	164	1883
225	722	23	810
76	228	6	460
58	141	9	102
824	753	160	2580
83	127	15	2041
88	99	32	431
132	103	13	641
68	57	8	1533
95	90	9	1272
150	152	51	10321
921	284	51	4269
71	95	4	1635
229	716	40	3250
291	554	45	839
521	1029	55	3108
170	231	11	1076
87	248	10	3197
64	31	7	2931
220	174	18	1548
154	254	22	2629
182	725	27	1604
84	129	9	2848
94	373	14	3421
67	88	8	1567
70	219	11	2911
99	155	9	4395
7	118	5	218
86	283	12	2640
304	146	110	1613
87	140	9	1316
92	121	8	2353
50	41	12	479
64	36	8	420
226	288	52	267
223	250	41	802
334	78	7	913
192	170	17	1993
178	332	23	3310
67	40	4	1387
109	108	16	1588
53	76	11	854
108	169	13	2087
43	25	3	1461
117	209	12	1034
144	129	31	3349
89	97	5	1620
169	137	14	2549
78	24	11	1285
116	257	21	2677
140	142	35	5128
149	341	10	4021
162	344	13	2759
89	43	15	620
112	52	8	1492
148	230	16	903
124	294	12	3121
153	183	71	2578
274	114	28	1989
90	66	8	2174
112	135	18	1417
33	104	10	738
133	72	14	1918
393	151	126	1820
248	148	63	3465
137	32	10	700
374	852	190	10459
376	240	53	179
328	281	46	3228
125	267	10	979
33	25	3	562
292	164	71	4077
374	115	18	1939
139	194	16	1643
219	309	14	2354
80	176	8	2464
277	71	34	281
147	58	44	2894
140	177	21	2682
259	501	22	1909
91	37	10	1638
153	140	17	2590
62	92	13	3482
131	287	10	2359
87	187	14	2268
314	464	42	3100
206	164	28	3037
161	327	27	330
41	94	8	1140
129	399	16	1314
94	118	13	543
150	344	15	1163
214	184	56	14442
236	94	17	65
102	83	20	520
23	38	9	469
95	74	11	2056
84	138	16	269
202	232	26	2991
44	31	7	285
24	171	13	1561
45	35	9	92
35	42	4	935
50	37	5	611
81	24	2	269
247	331	14	1126
63	79	12	1991
22	47	5	426
127	312	10	1283
363	64	22	204
312	172	12	2326
38	37	5	2259
61	254	24	1537
179	23	17	98
79	193	38	5711
117	48	21	1449
60	60	10	1373
89	128	11	559
106	69	12	1054
183	89	11	765
187	308	16	3057
36	20	3	2609
59	39	3	1145
251	256	14	749
362	406	40	900
113	108	5	252
52	18	6	1084
112	118	31	233
70	72	1	662
176	384	17	831
66	5	9	284
30	55	8	932
57	78	10	729
43	32	7	1217
129	60	143	6827
27	58	1	181
206	321	19	514
23	13	6	2523
60	115	13	910
155	77	104	558
81	118	6	1189
187	168	77	2415
58	46	5	239
33	17	4	1066
60	106	17	561
251	118	19	532
84	228	27	4323
45	105	6	268
61	102	6	2731
114	170	16	1996
184	199	16	2030
51	25	8	313
102	318	7	409
45	67	5	597
604	191	40	4019
18	13	1	530
61	29	7	340
156	542	24	2499
184	288	29	5273
95	231	9	298
741	2081	75	2465
202	116	54	665
192	132	7	974
160	1022	79	7635
91	141	14	1407
66	78	9	466
22	18	3	78
356	447	84	695
151	205	98	9405
57	147	4	378
207	190	8	1852
30	222	4	1065
139	44	0	204
46	210	2	1318
51	19	8	304
110	155	9	1873
62	30	7	290
177	564	12	1602
159	358	12	1777
65	55	13	436
52	87	17	2051
73	174	15	3681
207	192	49	2111
30	74	7	660
134	242	27	282
137	315	14	858
68	25	8	1050
68	77	11	1580
172	70	11	131
25	27	4	113
103	111	7	235
98	158	22	152
70	69	9	233
233	35	9	696
76	51	4	199
30	19	2	59
154	103	46	5185
63	59	16	334
68	164	9	219
108	200	8	269
41	51	89	8580
28	104	4	202
153	165	21	4735
44	333	9	644
169	334	14	1164
174	182	11	250
71	178	37	486
127	139	22	2843
746	645	35	2144
128	291	18	4047
62	56	5	446
33	29	8	1130
68	46	14	866
26	36	9	185
30	139	9	3202
53	25	7	145
62	49	9	78
50	39	7	427
53	71	38	614
178	986	21	553
190	120	31	1487
111	80	120	5125
15	72	6	490
35	39	4	1944
336	288	104	5625
206	118	14	1118
53	35	13	1088
45	52	35	460
117	67	25	4272
30	87	2	426
24	8	1	1354
53	55	7	350
30	23	7	792
138	414	33	1413
36	28	3	621
88	190	28	2629
80	56	6	258
574	82	31	1804
334	90	1233	52066
138	225	47	5821
155	63	155	4708
209	189	104	20873
82	145	14	416
646	286	53	2628
259	233	63	1880
161	332	22	3488
260	314	34	4552
40	241	7	2066
28	54	3	1255
202	224	53	5624
155	68	10	2307
26	32	8	5205
191	24	5	204
130	227	8	2944
244	89	46	5780
64	77	4	3657
29	73	9	486
60	18	4	845
171	136	20	1849
58	68	1	519
187	322	15	5912
79	65	13	2508
43	88	6	3252
145	159	9	871
90	366	34	7451
104	89	34	2667
548	406	233	42293
199	695	59	6860
27	13	6	419
368	77	15	547
267	82	36	1964
36	39	1	1219
66	46	4	2888
59	106	5	1461
20	52	3	1075
48	18	4	589
65	42	13	1469
89	47	6	783
42	67	4	3104
124	63	19	1023
102	73	25	1964
112	107	14	5383
35	37	3	660
392	424	41	774
165	231	22	1038
563	259	81	786
97	57	5	459
383	492	62	1259
75	47	8	1869
57	34	14	693
35	10	8	217
77	33	4	573
31	27	9	1055
52	137	6	358
475	75	32	144
367	771	62	3514
90	64	6	265
87	77	14	2250
58	113	5	1924
35	53	2	2707
154	214	41	2485
86	143	12	3254
33	13	5	523
451	839	37	2890
115	73	15	3069
143	115	8	1700
88	234	6	1283
27	56	5	2127
207	485	31	5624
199	490	19	3835
172	420	81	10108
80	54	8	1871
85	80	7	2056
222	120	21	1542
131	110	20	302
49	53	2	1535
58	65	4	2128
40	38	2	1444
62	140	7	6910
264	430	30	6119
46	85	11	2155
326	294	61	524
149	402	29	4892
72	215	4	2791
73	16	7	1989
88	130	11	3526
123	168	8	3064
205	63	23	1063
61	47	3	1289
107	157	23	768
178	261	33	3953
70	48	2	270
218	322	29	6031
209	274	13	1359
33	103	6	208
37	53	7	3128
180	571	34	1443
100	69	10	540
70	102	5	988
79	100	8	882
112	281	15	3423
91	186	16	827
47	54	10	2380
274	100	10	1616
144	119	20	512
45	31	5	4830
270	126	20	1050
166	815	15	2471
278	278	19	2319
190	239	18	4969
46	76	4	1745
106	106	49	752
46	27	6	685
37	46	5	2018
70	38	12	2437
126	132	4	1281
21	5	3	620
66	412	16	12339
87	111	6	2068
161	261	27	15485
62	37	1	2157
85	205	3	2113
141	108	16	2880
50	73	6	2496
56	33	16	552
419	159	40	675
422	469	107	7437
53	35	7	1514
71	28	8	1069
84	338	8	1528
189	222	15	1433
95	213	19	3901
427	803	74	5112
37	30	2	1016
41	68	3	1743
170	153	11	1008
59	125	14	3272
52	166	5	1069
332	512	85	2272
97	82	21	4812
38	53	7	1265
79	96	25	8663
125	108	3	2054
746	246	89	4010
52	45	3	1450
79	67	13	10216
62	270	3	744
112	73	5	770
135	173	6	2162
17	9	0	1907
87	77	86	538
126	205	15	1679
107	145	7	2130
246	133	12	2341
64	121	5	2489
57	62	6	2725
304	289	22	5383
195	109	23	3577
62	77	9	3268
42	16	5	725
96	29	21	1209
51	59	3	1918
85	168	6	1529
41	23	7	1529
52	75	16	5185
46	38	13	6228
86	21	8	781
286	180	74	2257
76	155	7	2861
88	75	11	1942
227	386	18	5673
409	377	36	6720
64	87	22	1611
418	242	54	318
133	29	10	1407
63	41	6	1310
56	19	59	3826
103	90	4	2069
369	137	19	4386
211	126	21	1952
80	269	6	1323
40	56	5	2318
43	69	26	2904
129	130	101	12202
65	71	10	716
255	194	26	447
89	84	7	2735
186	306	37	19549
174	189	12	2812
133	208	19	3322
23	59	3	1314
116	130	14	1106
63	332	9	1969
36	158	9	4338
63	32	4	1553
76	104	7	2117
183	294	47	10943
81	85	8	1105
53	59	10	2033
97	118	13	3646
142	117	14	2163
96	91	60	5483
44	63	3	1676
35	31	8	343
37	68	2	1056
43	17	12	1070
43	55	2	2269
164	87	28	1715
35	22	8	2155
50	163	4	1531
145	177	5	1887
157	82	11	1716
92	108	3	1957
32	76	4	1173
42	39	2	899
118	138	4	1210
90	166	9	2344
72	64	4	2225
265	61	12	1935
115	181	4	1673
51	191	9	654
29	20	0	1722
9	35	1	522
29	19	10	831
33	17	11	1020
76	151	2	1912
42	55	3	389
222	236	10	2094
34	45	3	1571
72	373	9	3079
45	70	3	4241
41	45	5	2098
69	196	6	1760
33	59	1	1446
36	42	1	221
29	11	6	550
35	35	4	635
42	172	0	1055
18	10	4	253
35	21	4	1150
75	103	7	1317
32	27	4	910
39	172	23	1720
18	90	3	2767
46	52	6	1434
130	111	15	3306
53	37	2	2416
84	115	12	1559
31	22	3	1903
83	80	13	3644
106	135	8	10977
256	198	7	1622
42	11	7	5931
30	96	5	10129
123	125	28	5063
74	108	9	2925
39	41	9	1572
232	208	27	1329
192	104	7	3095
22	23	2	986
333	442	30	661
41	72	3	1822
73	37	4	746
233	134	13	2985
62	46	10	2280
88	116	9	1367
107	48	6	579
199	123	23	935
65	68	2	2261
224	95	10	2168
43	27	7	420
46	34	9	572
40	16	2	1629
40	23	7	1752
60	105	8	1747
71	162	7	2366
25	18	5	1378
35	55	6	1699
81	52	7	932
50	49	9	1444
102	77	5	1492
35	83	2	2203
29	26	1	2582
40	17	5	1742
47	45	4	1721
400	169	73	6082
203	116	10	2325
142	139	9	1340
205	194	26	3775
88	227	7	2046
109	89	18	2080
238	167	63	3022
53	33	17	2680
51	39	0	2204
49	43	0	1262
90	299	7	2353
148	288	14	2298
166	297	11	4792
82	51	4	2038
161	259	17	6065
360	127	33	1247
39	59	3	826
94	82	2	2566
184	271	7	2955
181	118	9	602
71	68	8	666
87	54	8	754
33	16	10	591
225	306	5	2172
80	43	14	573
275	211	20	2704
313	624	17	4922
40	30	3	1937
44	10	2	337
48	110	7	4006
483	330	70	8571
92	328	10	2566
36	35	10	602
90	124	4	1224
19	17	0	1783
100	43	12	2302
47	55	5	1798
88	91	6	1672
43	107	3	1763
39	19	6	1189
47	71	4	2837
353	142	51	1555
163	61	15	1843
377	231	46	2313
106	78	30	4394
73	109	11	1018
0	199	1	532
886	540	185	17864
29	53	8	1168
39	43	4	2762
123	183	2	1215
62	23	2	1737
27	27	1	1476
70	66	36	5696
137	109	24	3104
21	9	0	1382
31	64	1	2329
29	26	0	742
27	17	0	726
45	73	7	1052
56	342	20	1680
67	44	10	4266
105	140	2	2585
58	99	7	1279
38	36	6	2546
81	89	3	2910
158	218	15	1275
37	22	2	1130
65	42	3	1024
60	37	6	925
50	70	9	1715
59	16	2	1296
38	20	1	382
97	186	6	2776
4	9	1	510
84	129	22	9293
78	55	5	2803
143	105	11	3756
29	19	0	1241
100	77	2	507
54	37	5	2592
124	212	9	1582
110	32	18	1260
83	42	8	4593
30	17	0	1026
16	13	3	844
31	46	3	324
149	219	61	11317
23	22	3	1398
165	109	21	2036
10	9	1	507
20	33	0	2841
41	57	6	1560
167	348	36	7417
26	35	1	2336
101	154	6	1923
234	78	10	589
97	133	21	1328
56	80	1	1181
17	35	1	3313
56	109	7	3045
147	128	6	2280
52	35	7	1504
70	107	2	1552
336	233	52	4210
363	87	39	6179
171	329	12	2944
149	53	22	1760
108	220	7	2062
220	119	25	1624
56	48	1	1244
21	15	0	396
43	66	3	1904
68	130	7	7050
36	88	7	3325
55	187	6	1920
211	93	18	6490
154	109	5	4713
141	51	5	269
143	312	15	5874
412	139	33	10713
88	66	11	2033
43	67	4	1764
201	81	36	3363
209	87	20	5407
176	172	24	615
166	99	16	528
32	30	10	276
468	498	56	2149
82	148	10	1529
306	613	33	5728
204	281	28	5693
85	89	10	120
91	50	21	5302
10	12	1	173
42	53	4	900
18	5	2	375
26	13	0	1464
25	38	1	1678
46	47	3	2629
178	108	33	7382
141	236	19	5874
69	70	5	1293
109	184	4	2296
68	74	0	896
63	61	1	482
95	79	4	821
49	78	4	760
69	96	3	1416
101	73	10	2466
60	274	4	2455
35	13	4	1426
202	46	37	919
121	147	6	1822
58	59	1	952
72	63	6	5700
207	290	58	16372
50	150	4	2545
35	65	0	1774
16	133	3	758
42	76	1	1176
40	25	2	437
57	91	2	1253
60	39	2	1436
23	22	2	1482
31	19	2	1591
57	13	1	1329
86	84	2	1490
215	43	17	714
144	97	7	897
18	20	0	1360
73	70	3	1634
37	41	3	1372
60	38	3	563
65	80	4	3536
250	596	14	2059
32	88	1	3178
196	243	9	260
155	384	8	1946
39	40	3	2326
192	260	3	2276
165	217	9	3212
70	51	11	1531
10	10	2	626
66	30	15	2676
142	174	10	332
78	172	4	3125
74	107	1	2322
47	151	1	1019
74	270	1	2528
66	18	1	1107
93	123	10	937
77	75	15	3028
74	114	8	608
73	116	1	3378
160	640	13	4483
29	24	1	1152
24	99	0	1626
276	480	26	7693
206	642	9	5736
177	160	11	865
166	91	36	1121
87	92	10	3567
88	97	3	1193
36	29	0	1571
81	32	3	2376
44	7	1	1702
18	8	0	1680
68	56	1	14165
196	275	15	8000
93	86	5	1444
119	60	21	4162
125	39	21	5233
101	122	9	1083
68	48	1	1986
84	148	11	6541
76	110	6	1417
102	61	15	6440
48	31	1	620
325	162	20	2674
175	184	7	2127
87	176	43	3835
56	76	1	1947
52	49	1	2153
42	65	1	1536
138	211	1	1531
156	55	19	1470
152	109	1	2313
48	33	1	2251
114	90	6	1896
69	50	2	1751
119	193	34	7863
97	28	1	492
74	55	6	569
113	32	1	2965
331	156	89	3882
135	100	5	1839
135	84	13	3377
76	119	6	1682
69	103	1	2603
192	84	10	2062
278	717	19	2060
268	295	24	3871
80	18	1	1626
106	144	12	3830
33	63	7	6911
31	50	1	2685
38	18	0	1536
189	248	27	3794
70	35	1	315
101	37	16	3371
22	26	8	1322
76	63	8	1629
115	203	1	2990
205	211	37	11154
129	158	14	2993
100	68	17	2312
68	41	5	1394
106	54	3	1625
184	0	1	1786
133	143	16	6607
200	144	43	7072
77	88	1	718
80	79	5	1448
87	62	12	1618
56	90	13	7286
66	21	0	1883
35	68	3	1722
76	23	15	15092
80	130	1	4680
100	27	10	540
92	50	3	2873
59	43	1	2350
51	68	0	1616
127	184	8	2926
59	47	1	1371
1272	1008	175	6981
107	62	61	2808
83	264	6	4237
41	50	1	3976
214	401	19	3335
118	207	6	2682
193	359	9	3765
141	57	19	4565
26	18	0	1541
179	140	34	9759
438	107	35	583
119	21	14	2994
192	477	14	1929
96	18	1	1542
83	288	5	2888
77	49	2	3073
76	71	6	2272
250	132	26	10412
98	115	6	1840
118	238	8	2734
116	131	12	8685
59	18	12	1530
186	455	17	3410
88	105	15	1871
41	50	1	2632
175	60	26	5385
18	35	2	408
79	136	1	2290
505	889	87	4047
140	118	7	8112
193	205	26	7289
101	52	1	1321
57	68	0	1440
231	104	18	1037
85	20	1	1354
37	39	0	2016
56	38	5	4306
49	43	1	1270
62	15	1	2082
207	212	20	17459
75	62	2	1589
2	42	1	788
48	44	1	2417
56	135	1	1615
49	47	1	1261
40	18	1	2035
18	68	1	860
69	63	1	1430
120	50	1	1120
33	18	3	2869
88	143	3	2793
39	53	4	2214
125	49	6	2215
75	34	1	4896
71	77	1	5979
136	155	20	3665
52	119	5	6943
85	51	3	1675
78	49	4	4512
190	113	5	2991
62	113	7	2237
67	39	6	2125
135	138	6	2686
10	20	0	1751
32	13	1	1780
93	64	2	1976
34	13	1	1893
94	39	1	2630
54	47	1	1506
3	9	0	577
82	80	3	3418
49	19	8	473
70	107	1	2494
50	68	1	2341
37	57	8	1789
87	36	5	1123
23	20	0	1610
17	8	1	1313
17	19	0	520
178	177	12	7112
91	74	7	5625
100	209	4	1523
23	85	0	4520
26	56	1	1564
207	184	88	14005
94	117	5	2248
72	63	3	6653
167	70	2	1635
54	36	1	2388
39	22	1	2797
67	18	1	1433
96	123	1	2511
45	42	0	1300
103	118	0	1883
30	19	0	977
34	43	1	3014
72	132	5	2408
19	19	0	1448
18	37	1	1809
132	111	18	9328
16	31	2	436
36	32	1	1764
31	34	0	1510
60	22	5	1720
147	144	12	3657
91	403	5	3698
51	36	1	2184
131	306	1	3585
41	20	1	1109
66	105	1	1696
94	59	7	4833
107	191	18	5329
48	41	1	986
35	39	0	551
56	42	1	1959
59	85	29	21207
52	42	1	339
165	68	5	3139
110	138	0	1855
44	33	1	543
23	4	0	658
178	197	10	4123
27	78	3	1219
35	33	0	1403
30	97	0	1988
53	95	1	2089
42	44	1	2343
95	49	1	2076
84	51	2	2610
41	77	0	1704
41	242	1	3354
16	11	0	1586
32	54	1	1146
37	15	1	1069
29	15	0	1204
144	80	71	5677
87	74	1	2373
28	51	0	2659
86	169	7	2815
103	117	5	3035
9	26	2	467
65	28	4	3610
28	25	0	589
68	269	5	2416
85	45	1	1878
71	148	9	2713
75	87	1	1238
41	50	1	2451
237	213	1	10477
169	226	1	7001
30	28	0	2655
58	48	0	3125
16	9	0	2328
23	71	0	1549
61	51	1	2448
34	20	4	4307
31	38	1	2390
56	93	1	2503
20	33	0	3882
81	148	12	5908
61	107	6	3020
49	29	1	1504
34	67	1	2285
96	149	16	2933
78	55	1	2915
41	25	0	1715
54	8	0	1934
208	79	6	2271
83	102	1	3038
16	18	0	3132
29	14	0	2712
46	21	1	2302
51	48	0	3371
68	75	4	9746
62	120	0	2294
416	306	48	13193
117	49	1	2005
58	24	0	1666
109	191	0	1654
106	61	1	7748
105	84	3	1201
49	137	1	1551
78	69	1	2804
173	48	1	1559
120	68	8	1131
72	62	4	2441
152	75	26	8249
191	100	27	4742
63	16	0	1909
86	79	1	1132
31	21	2	509
39	26	1	2283
32	6	1	1085
123	114	7	6340
100	71	2	1467
105	34	17	3453
32	40	3	1553
33	32	1	1761
42	38	0	1666
54	29	0	3094
32	73	0	2134
218	121	13	1039
86	59	1	8416
78	111	1	3051
18	15	0	1602
18	17	3	982
109	185	1	3012
80	17	22	1281
58	111	0	1414
63	55	0	1223
60	20	14	1148
175	85	26	2803
129	46	4	2136
48	42	0	1369
30	30	1	1342
55	59	1	2469
100	90	1	3588
123	71	1	3024
57	72	0	2659
174	65	38	1699
198	298	31	8062
540	309	40	10380
54	0	1	2206
74	95	5	4885
61	87	12	5164
34	21	1	1364
29	90	1	2493
125	36	27	2320
63	31	1	2954
155	125	1	3361
36	41	0	3533
260	138	16	12815
52	86	1	4668
105	227	8	1933
41	56	1	2687
72	108	1	3365
62	10	1	2764
24	34	0	1750
41	14	0	2081
36	22	1	2015
252	618	143	7056
51	29	1	1951
29	3	1	2151
200	59	149	5958
78	133	2	2771
219	346	29	12551
86	42	4	1333
48	26	1	1492
29	11	0	3174
32	20	0	1658
59	70	1	1530
24	8	2	784
129	81	28	14976
145	92	17	4646
183	30	53	11241
48	80	6	7041
54	16	1	1261
34	42	2	2312
124	221	1	2502
60	28	1	538
26	2	1	1545
121	227	13	4573
109	111	1	2292
165	47	177	37601
80	48	24	40156
39	50	1	2756
181	142	198	26641
32	39	2	4399
143	40	18	2976
93	52	5	2732
82	63	1	1576
76	76	1	1193
27	22	3	1121
28	72	0	2857
60	64	0	1214
46	31	1	2664
35	25	1	1695
51	133	1	787
176	58	11	7172
23	15	0	337
20	35	2	655
88	205	10	891
46	57	3	3553
34	45	0	1778
29	50	0	1219
24	17	1	429
53	120	3	2113
133	55	37	4181
170	62	21	1715
10	103	1	3315
28	23	1	1715
23	54	1	3256
173	263	20	5310
33	18	1	838
40	34	0	2001
91	71	5	3556
124	65	1	1312
70	86	11	4605
24	26	1	1777
38	46	1	268
13	39	1	462
23	13	1	4356
65	103	1	1252
65	90	1	651
138	259	94	14771
128	141	8	5108
32	22	1	1542
45	49	6	2959
89	44	1	4140
32	61	3	3010
26	25	1	531
29	11	1	388
23	17	1	772
93	49	1	2560
136	136	14	4068
14	8	1	517
43	23	6	462
39	18	4	2321
66	20	1	1838
23	4	1	1084
45	22	1	1175
20	26	0	3580
30	37	0	1366
90	42	4	1269
41	58	1	2782
35	40	1	883
84	78	43	3443
56	40	1	7796
12	5	0	1232
31	4	0	852
14	138	1	1699
14	15	1	1129
26	45	1	1599
23	36	1	1248
38	123	1	1939
27	12	0	1726
67	56	1	2002
31	25	1	3803
18	13	1	1412
16	3	0	1883
48	112	0	1845
73	88	10	9682
85	32	1	1748
37	36	1	1782
21	37	0	1052
77	125	1	1058
182	120	1	2487
33	6	0	1737
62	117	6	2160
17	12	0	631
51	53	1	1471
31	19	1	488
32	34	2	777
23	11	1	1442
70	106	1	1359
24	9	1	2118
15	12	0	661
87	170	22	6952
26	43	1	1051
9	4	1	580
59	70	1	4610
49	26	1	2126
68	54	1	4613
40	18	0	534
48	37	0	1527
25	13	0	1149
94	1144	24	792
70	236	1	2838
19	103	1	2926
23	13	1	294
191	228	66	710
136	99	7	2555
45	85	1	1894
36	36	0	2437
26	56	1	2466
31	41	0	1608
34	51	1	1006
44	62	0	1540
61	100	1	5242
82	152	6	1177
46	96	1	3301
60	189	1	1974
92	81	1	14676
39	35	1	2977
84	92	6	8554
38	64	2	2067
51	54	0	2312
49	15	1	3450
225	209	30	9543
46	48	1	1608
37	65	1	2079
89	110	6	2136
45	95	3	14510
25	29	1	1758
28	22	1	2113
55	42	0	2204
29	16	1	1117
54	103	1	1192
67	32	1	2448
181	131	27	10511
90	59	1	1902
9	13	0	1821
46	62	1	866
28	45	1	2291
17	6	1	1662
68	74	17	6923
14	33	1	2838
66	37	1	8676
31	36	1	2039
25	39	1	1600
25	29	1	3526
32	17	1	3322
84	78	1	1781
11	4	0	1649
165	251	24	5655
41	37	1	1346
56	93	6	2789
0	32	0	1627
33	55	0	6180
69	30	8	2864
17	42	0	551
38	84	1	7037
40	80	6	966
154	394	16	5080
70	116	6	2466
20	13	0	1183
58	211	1	4054
112	162	31	9529
50	53	1	6584
90	74	1	3316
68	118	1	1221
62	21	1	1406
17	15	1	1321
20	6	0	931
13	7	0	2340
20	18	1	866
41	85	0	2207
72	104	0	1686
60	83	1	1685
46	47	1	1061
54	102	1	4277
33	42	2	1933
37	61	2	1103
39	55	1	1634
47	34	3	2825
31	35	1	1077
14	16	0	1276
19	12	0	1794
23	63	1	851
26	54	0	1369
10	3	0	410
14	13	1	1881
20	29	0	3127
57	71	1	1592
35	397	8	4935
20	22	0	2806
37	160	1	7364
5	5	0	1137
105	215	1	1498
47	55	1	3704
34	46	0	6194
34	33	1	3392
55	30	1	3598
29	75	1	2275
135	42	24	3433
60	18	16	1139
65	34	3	1669
45	34	1	2058
57	195	1	995
37	17	1	416
45	20	1	5877
60	51	0	2544
36	27	0	1062
52	48	1	646
61	172	1	3787
20	5	1	1125
61	56	6	2615
33	13	0	1388
38	17	1	571
14	14	1	1569
44	45	0	1315
29	12	1	1338
28	47	1	2868
38	72	0	2631
26	7	1	1018
3	7	1	1072
49	35	4	4873
24	12	1	1607
39	16	0	1988
109	36	10	456
35	100	1	2960
42	22	1	661
8	19	0	352
96	84	8	3551
23	19	1	3559
36	15	1	2524
40	59	1	3823
38	17	0	2404
44	68	1	4911
36	162	1	1967
60	33	4	891
18	11	0	1384
40	25	4	1950
20	6	1	1837
32	22	0	2041
19	13	2	2087
16	5	0	1447
42	142	4	6458
60	92	0	1289
17	56	0	1075
12	4	1	707
100	179	13	4245
67	64	6	981
52	40	1	1895
10	12	1	512
41	92	1	9216
61	23	1	2095
16	6	0	813
26	9	1	1661
75	30	19	9480
16	13	0	1307
35	24	1	934
46	124	1	2461
50	65	0	2611
27	42	1	2832
23	26	0	3775
50	19	1	858
57	25	0	1069
31	26	1	1638
27	102	3	3183
41	117	0	2896
61	9	1	1995
15	7	0	747
9	6	0	460
29	68	1	2714
19	26	1	1571
29	78	1	1700
65	83	5	7289
29	28	1	2125
18	28	1	1304
52	31	1	1845
26	49	1	1549
19	16	1	1881
30	30	0	2219
117	132	4	7954
14	1	0	898
21	6	1	1569
29	6	1	817
90	24	5	3939
22	36	0	1348
18	15	0	1328
26	48	1	2129
69	52	1	2166
28	13	1	2918
61	122	1	6781
27	26	1	802
19	25	0	712
60	29	1	617
35	62	1	4504
29	41	1	6059
44	10	12	2467
46	48	1	6534
24	14	0	1053
29	26	0	3643
128	62	1	544
22	15	0	2845
24	53	0	1957
275	230	104	1616
160	227	10	11189
15	6	1	497
67	51	1	7385
28	26	0	1653
10	8	1	2398
55	71	4	7363
30	19	1	1401
36	28	0	669
21	16	0	2221
22	18	1	1162
22	13	0	3645
29	22	1	2336
38	41	1	1835
30	11	1	1574
23	2	0	1537
27	31	0	1632
33	74	1	2526
56	33	1	4356
86	139	2	5108
7	27	1	737
7	1	0	901
33	39	2	6851
38	8	1	1101
30	39	0	1569
24	22	0	1569
33	10	1	1860
9	17	0	403
46	68	1	6799
22	32	1	2186
26	27	1	782
21	65	0	3049
28	11	1	1645
40	88	1	2448
16	12	0	2079
3	0	0	449
47	7	0	634
28	11	1	432
53	57	1	4673
8	27	0	338
95	99	1	3728
21	62	0	2702
43	48	1	529
30	6	2	2015
11	2	0	625
16	16	0	984
25	24	1	1058
56	78	1	1798
22	11	0	1669
3	5	0	591
17	8	1	741
39	13	1	1668
72	256	6	2687
34	42	1	1580
38	40	0	941
35	49	1	5391
74	92	4	7131
59	46	1	5758
15	59	1	1470
19	37	1	1662
11	1	1	1481
11	6	0	736
34	14	0	2665
18	3	1	1275
7	29	0	685
5	0	0	684
43	34	1	2810
4	5	0	356
65	59	12	4947
32	136	2	1674
39	9	1	2398
22	13	1	3413
12	17	0	696
46	31	1	5205
30	14	1	2850
26	46	0	2568
28	1	1	943
79	113	1	2482
23	44	0	1742
14	9	0	1798
26	35	0	2768
3	2	0	406
23	18	2	2376
92	23	5	2545
40	108	1	3011
53	31	3	2513
31	19	0	1212
108	129	6	2685
14	1	0	2665
65	15	1	1429
62	21	1	3141
35	44	0	2181
32	21	0	2296
32	37	0	1000
30	9	1	1615
18	28	0	2715
33	18	1	2449
116	63	1	5171
25	14	0	1297
13	5	0	809
41	73	1	3189
41	10	8	7055
29	3	0	1785
21	23	0	2137
31	34	0	1764
39	24	1	2935
27	2	3	980
16	1	0	1521
24	5	0	2969
34	18	0	1641
21	15	1	1607
15	1	0	1836
30	50	0	1085
32	24	1	3447
28	4	1	1248
23	0	0	1351
30	22	0	2783
55	44	6	10990
35	66	1	1425
24	13	0	1074
22	16	0	971
23	9	1	2897
71	39	1	5422
33	22	1	2002
12	5	0	1654
26	32	1	1235
37	44	1	11122
109	121	8	3769
19	7	0	1341
9	4	0	455
54	12	8	5434
23	18	0	2481
14	5	1	2625
80	34	1	1686
27	24	0	2841
23	8	0	1412
32	8	1	1488
0	43	0	3870
81	62	9	7096
38	14	1	1202
42	28	1	1921
51	48	1	2175
51	25	1	1568
39	19	1	814
28	18	1	2537
26	51	0	2356
70	210	1	2100
39	20	1	3106
20	8	0	1149
47	33	1	1836
36	37	1	1225
113	39	21	5622
36	30	0	1870
21	27	0	2169
18	4	0	1151
35	12	2	1676
26	11	1	3327
30	21	0	1113
42	11	1	4782
31	26	0	1618
32	45	0	3282
57	38	1	7591
24	15	0	1258
20	14	0	1676
17	17	1	1342
12	11	0	750
77	59	1	8673
28	7	0	1123
13	30	0	1355
41	14	1	1675
46	24	1	2228
47	38	4	7403
14	3	0	2703
17	11	0	1998
25	6	0	673
20	5	0	1481
28	13	1	1366
36	47	0	2496
43	27	0	1689
44	42	1	3372
12	10	1	802
18	17	0	2119
33	13	1	1288
13	13	0	893
28	24	0	1973
14	1	0	1949
24	8	0	1822
27	8	0	2206
19	14	0	1571
26	7	0	1275
51	155	1	3011
25	9	0	1574
60	51	1	1334
28	4	0	1460
20	11	1	979
36	29	1	1807
21	11	0	883
37	5	1	2215
47	24	1	2252
41	19	0	2353
29	26	1	5207
46	21	1	6705
39	41	0	2099
30	8	1	1284
49	16	0	2116
35	115	2	5926
69	37	0	1633
15	0	0	2144
97	22	22	6367
19	3	1	2075
37	22	1	6560
17	35	0	1229
16	13	1	1998
18	21	0	1377
27	34	0	1380
40	56	1	1635
25	6	0	1438
64	187	1	3096
45	29	14	2000
45	38	1	3297
24	17	1	1455
37	18	1	2789
19	11	0	1379
66	35	1	4830
54	42	1	1363
42	40	2	2620
17	1	0	2174
38	44	1	2317
63	9	9	2717
26	12	0	2336
38	85	6	3434
23	18	1	1684
28	13	0	3417
32	9	0	1251
34	5	1	1607
26	24	0	3043
38	29	3	8220
33	7	0	3273
26	3	0	2262
32	17	0	5825
30	4	1	4452
34	14	0	6752
26	1	0	5930
29	41	0	7212
52	11	0	2674
47	24	0	1520
32	10	0	1038
43	25	0	1967
21	11	0	1715
59	27	1	5000
16	12	0	523
15	2	0	1319
33	25	1	4743
28	14	0	2390
23	4	1	1776
27	13	0	1744
18	1	0	1487
12	4	0	1901
21	14	0	2360
36	21	14	11250
28	6	0	2413
16	15	0	1047
41	25	1	1854
29	26	1	4484
54	32	1	5683
14	6	0	1272
70	53	1	2629
13	9	0	1839
22	16	1	2208
34	42	0	2396
142	68	4	3579
20	6	0	3933
30	25	1	1519
18	59	1	2828
19	0	1	1306
14	8	0	2165
43	8	24	16553
83	62	1	5759
55	24	0	2510
25	18	0	3819
50	14	1	3357
30	21	0	2403
25	3	0	936
11	4	0	617
33	19	0	2928
46	79	1	2188
41	29	0	1383
25	14	1	3206
15	6	0	993
26	6	1	2528
17	4	0	916
19	36	0	1307
75	85	1	3125
36	21	0	1640
43	30	1	1573
26	4	0	1840
22	9	0	1847
70	43	1	7425
31	18	0	1814
57	26	1	1785
23	13	1	1657
32	32	1	595
30	9	3	7159
41	29	3	6815
48	20	1	2611
62	22	0	2571
20	8	0	2192
20	11	0	1829
18	6	0	1150
51	10	4	1536
70	50	1	6383
40	20	1	1931
24	14	3	4977
36	87	1	2655
34	30	1	2515
51	41	1	2680
15	4	0	1865
29	2	0	1806
86	78	4	6002
28	4	0	3036
25	5	0	2497
105	26	1	3764
17	4	1	1257
43	30	1	2972
91	29	1	3979
59	23	1	1994
35	74	0	2344
29	7	1	1357
23	11	0	2162
33	19	1	1986
29	3	0	1662
39	7	1	2165
42	7	0	1744
18	29	0	3622
20	3	0	2844
30	23	1	3460
42	32	1	3836
8	1	0	1447
52	20	1	1917
16	2	0	1473
53	35	1	5556
16	9	1	1107
28	35	0	1284
16	0	0	1973
19	0	0	2378
87	60	1	5079
38	9	14	18869
32	9	1	2849
23	3	1	1913
17	15	0	2911
51	5	1	2357
37	21	2	1901
41	27	0	5360
15	7	0	2937
18	4	0	1802
22	6	1	4819
29	6	1	2158
28	7	1	2739
37	29	0	3749
27	13	1	2626
48	26	1	18079
19	13	0	2834
431	96	27	2448
26	4	0	2889
40	22	0	1356
28	14	1	2989
30	23	1	3051
20	5	0	2511
25	4	1	1851
74	40	1	1882
40	23	1	3369
18	3	0	1896
28	17	1	1860
114	64	1	3262
23	9	0	1837
38	11	1	6247
36	11	0	1946
23	0	1	2242
34	16	1	4335
22	22	1	1511
40	21	1	2977
32	27	2	1905
59	44	1	2296
46	40	1	3473
19	0	0	2624
75	25	1	5162
16	1	0	2747
15	12	0	2535
20	10	0	3615
26	24	0	1797
22	17	0	4032
34	16	0	2102
29	39	0	4412
63	24	3	4136
24	28	0	2674
89	105	1	8146
56	15	0	1765
23	35	0	2326
14	32	0	2874
39	21	0	2025
32	4	0	2002
56	35	0	1747
42	72	1	4886
34	20	1	4666
21	16	1	2357
28	5	0	2076
24	14	0	2057
30	7	0	1386
21	11	1	1954
36	42	0	2282
111	63	4	2705
38	4	0	2914
46	7	4	2461
25	10	1	3328
22	11	0	2925
31	23	0	1424
19	3	0	2261
17	1	0	1756
20	16	0	1846
45	37	0	2772
24	18	1	11321
45	75	2	5765
43	23	1	362
23	13	0	2275
56	23	5	3125
44	31	1	2682
37	12	1	1942
54	16	0	2807
20	4	0	1979
25	15	0	2985
14	7	0	1678
23	11	0	4301
42	82	0	3106
17	3	0	2379
18	7	0	1556
35	11	0	1640
44	22	1	5848
20	4	0	2444
18	27	0	2948
23	18	0	2770
27	72	1	6533
17	8	0	3314
33	3	0	2465
28	9	0	3426
22	9	1	2551
19	7	0	1380
24	9	0	4139
28	8	0	2414
37	10	1	2125
22	4	1	3039
93	72	1	4707
26	26	0	2943
24	12	1	2567
27	21	0	3099
21	174	0	5213
47	15	2	2530
37	33	1	2330
70	21	3	5152
27	17	1	1545
17	3	0	2569
19	12	0	2397
38	36	13	7590
34	23	1	2344
20	19	0	1541
25	5	1	2539
18	3	0	2425
37	72	0	1856
19	13	0	1731
20	2	0	1593
30	8	1	1936
46	27	1	7060
16	13	0	1351
32	18	1	1452
23	2	1	1387
15	2	0	1872
24	10	0	3061
16	5	0	1984
35	10	4	4175
42	2	1	2745
15	4	0	2532
20	6	1	2922
24	37	0	4125
58	14	1	1554
28	33	1	9161
39	9	0	3719
41	16	1	7405
37	33	0	2140
29	8	1	2703
47	2	0	1633
32	30	1	6739
38	64	0	3818
13	5	0	1642
45	22	1	2018
53	31	7	22542
24	118	0	1839
23	7	0	999
17	17	0	2324
41	28	1	1753
25	79	3	9235
55	10	1	2243
29	32	0	3088
69	97	15	19281
22	13	0	1453
28	12	0	2042
61	20	1	2724
23	14	2	3300
33	27	0	1330
53	26	2	6072
30	23	0	2228
42	89	0	1627
27	13	0	1376
31	31	0	1742
68	28	11	3302
26	37	1	5260
235	123	3	1532
16	2	0	1833
26	18	1	3654
39	39	1	5416
37	53	1	2475
75	50	1	5186
46	3	1	1522
23	33	5	4155
31	17	1	2461
18	2	1	1273
48	80	1	2483
32	20	1	1561
28	3	0	2084
53	37	4	11374
37	13	0	2701
40	30	0	6216
20	8	1	1195
12	7	1	2634
25	3	0	2505
10	2	0	1850
30	20	1	2772
26	21	0	1857
15	17	0	4201
22	6	1	2093
33	4	0	3463
29	24	1	2476
16	0	0	2357
37	18	0	1410
10	4	0	2268
34	21	1	2519
69	106	5	2344
23	3	1	3139
65	18	1	5197
27	40	0	1384
21	3	0	1969
39	8	2	4805
12	4	0	1597
47	51	5	5535
16	13	0	1731
14	4	1	3615
46	24	0	2854
12	8	1	1686
23	25	0	2565
37	56	0	3726
38	15	1	1177
17	4	1	2286
25	10	1	2778
41	18	1	5093
35	15	0	4237
29	56	1	3108
73	29	0	5713
34	11	1	3215
0	0	0	3213
0	0	0	3213
0	0	0	3213
26	23	1	2013
5	0	0	1434
69	24	0	2066
31	11	19	2098
66	53	9	678
19	7	8	683
46	21	16	1296
18	20	2	1181
56	37	6	914
54	36	5	1786
62	70	12	509
58	283	21	2027
52	24	14	1407
38	13	7	1331
71	45	11	1121
142	115	26	554
87	26	17	441
185	216	34	2817
43	80	12	1135
52	79	39	664
99	58	9	1601
30	27	2	1709
45	47	7	1228
50	23	11	1084
56	18	56	3527
137	63	39	1509
51	20	21	1280
129	87	13	1362
42	5	7	1164
158	112	22	1329
238	110	103	3200
65	38	12	2556
231	180	35	925
138	654	43	2871
61	90	7	804
57	29	43	1106
94	39	18	1132
34	27	13	2313
230	44	26	1027
33	58	4	757
1420	864	264	3759
25	17	6	1455
67	74	10	1315
70	107	13	1166
80	111	226	1233
49	29	12	1385
163	49	8	930
18	14	5	1464
122	39	25	3151
53	30	10	1125
38	36	4	1022
138	73	17	843
69	129	12	1777
108	78	44	1565
23	50	15	1744
104	158	17	1150
28	2	24	880
32	13	7	2255
188	56	17	2371
92	293	11	2160
49	40	9	1715
50	50	25	713
68	102	12	2102
30	31	13	1280
261	153	50	3022
164	66	41	659
40	58	8	531
31	46	9	489
275	373	21	3674
50	21	8	1827
179	69	30	825
51	17	13	1652
30	28	4	1094
88	39	25	459
199	329	54	3255
30	29	15	2690
24	12	10	1660
258	195	44	3197
114	19	78	5308
55	182	6	1391
257	113	28	1974
209	198	30	1213
238	255	29	1699
87	102	13	1494
72	103	17	1454
42	29	11	2451
51	64	12	2713
15	15	5	1216
28	17	15	878
283	48	38	1623
171	116	15	1110
83	59	8	1080
82	22	21	1193
48	36	17	1745
45	88	29	1029
331	96	50	4940
102	204	15	705
26	20	8	1554
50	14	47	1799
63	20	16	1512
82	31	63	646
28	12	4	1496
154	103	27	1618
126	216	19	1483
39	26	5	1681
63	43	14	1119
16	107	6	624
16	27	11	1249
145	158	17	2111
32	43	35	1169
34	31	5	1175
264	164	91	1306
130	160	7	2568
50	57	32	1487
28	40	3	946
61	19	16	1814
38	35	8	1845
217	354	55	2010
51	69	4	2128
62	33	13	1100
85	265	16	2134
27	66	18	795
50	76	4	613
65	24	11	1637
184	118	27	3626
35	7	11	717
98	83	17	2458
36	25	11	1364
139	32	17	866
114	76	14	2197
100	42	20	2718
268	571	28	1672
104	42	12	1088
25	6	6	758
88	58	19	1258
195	131	39	2344
41	69	17	2300
64	206	14	3307
119	59	13	2617
22	9	15	1087
200	48	95	1431
236	456	32	1658
49	20	12	1342
198	349	23	1250
63	66	13	1589
34	37	2	1479
31	4	6	1090
88	34	24	2990
195	40	124	3907
61	77	8	573
67	80	12	2645
81	28	19	1109
105	27	6	2796
52	52	7	2981
94	78	9	1403
32	27	21	4253
72	57	10	935
95	283	20	1363
80	0	8	2363
46	20	11	1188
94	77	11	1094
84	38	20	1265
60	13	19	4816
14	11	12	694
53	69	28	788
233	131	60	308
218	75	73	2646
235	281	24	1032
35	29	7	1035
27	35	12	1082
41	38	8	2612
51	21	5	1345
48	143	7	1583
102	33	43	1513
151	187	35	2379
97	83	40	860
79	115	15	747
63	90	17	1820
54	38	18	2157
29	43	6	2079
35	51	7	514
17	79	11	1911
78	94	6	2282
38	32	22	985
39	14	7	859
124	241	21	2563
40	28	5	985
39	28	8	1424
164	101	79	2751
67	57	21	1850
65	10	6	1024
183	140	33	4685
51	24	20	986
23	10	8	1864
42	38	6	950
89	99	15	2528
106	84	25	1800
108	192	7	1669
132	120	27	1802
71	52	21	1575
39	58	19	1216
66	17	38	1233
82	53	11	673
41	25	9	1630
52	40	2	658
63	76	10	2246
53	15	5	1067
28	17	4	1506
135	92	12	1342
68	21	10	1331
59	27	22	1126
51	29	15	521
74	37	17	1560
22	8	3	537
272	280	25	762
36	28	9	1194
16	3	5	1306
65	45	23	518
30	83	6	1741
89	67	19	1067
29	19	20	1546
64	63	10	1346
53	42	2	1903
37	10	17	1229
155	81	66	4129
303	100	43	2463
62	26	8	1453
55	45	15	905
23	10	14	1144
85	150	19	2082
63	40	38	1060
29	53	15	2200
35	34	38	1419
200	249	19	1494
126	79	36	2492
19	57	11	2324
73	114	16	1459
59	112	12	1151
110	109	22	2565
41	10	9	1502
239	390	25	1302
34	14	10	825
139	192	13	2261
149	150	30	710
81	35	5	577
30	11	10	640
124	175	18	869
69	26	26	1656
62	17	7	1499
30	26	3	913
31	58	6	1087
241	46	73	1208
190	50	13	452
434	238	48	516
90	82	20	991
37	34	5	1376
53	29	3	858
105	31	18	1006
41	5	26	1103
37	31	9	1248
341	54	104	1169
43	20	4	655
45	20	5	1886
170	45	51	842
26	11	4	1111
29	17	6	1063
39	16	8	1148
98	42	36	3093
120	59	22	1900
48	10	18	1130
56	43	9	1632
148	194	29	1525
54	43	5	2141
107	252	11	1774
59	26	9	1974
46	24	7	1123
81	56	16	955
69	54	39	815
96	229	21	2686
44	47	36	695
201	57	54	3136
168	34	50	1029
25	42	4	2286
115	39	7	981
42	5	12	1147
37	7	14	951
44	19	4	1469
143	59	5	942
427	151	75	1646
74	242	18	3675
147	63	14	1669
67	44	22	3364
133	98	24	511
37	61	2	638
36	33	9	982
80	65	63	1211
42	16	21	3362
31	35	3	1482
70	66	12	3543
172	445	12	2216
142	29	9	1461
33	85	3	778
275	137	15	1378
24	6	1	1602
33	54	4	2185
52	28	6	1840
44	8	11	657
51	62	5	725
96	79	10	1393
115	77	19	494
52	56	16	960
119	128	11	1529
128	48	15	490
71	232	13	2351
78	34	27	3524
52	81	11	1608
75	83	17	897
220	238	47	4321
69	118	10	903
62	68	10	905
106	90	18	1965
42	25	6	2329
138	35	27	1692
386	119	31	2278
61	58	12	2167
119	30	28	1032
27	19	3	460
70	47	18	1012
296	128	49	810
52	113	16	3004
35	25	4	849
61	26	9	2148
74	139	17	2668
178	284	19	2026
37	9	3	1296
153	41	32	1218
26	31	4	1610
169	333	22	3042
96	115	30	2348
24	29	9	536
33	38	7	1868
166	174	27	1732
31	23	3	2513
12	77	3	1736
135	160	16	687
63	42	9	774
42	13	6	1056
107	188	18	1686
108	222	18	2194
318	708	34	4539
60	38	6	1772
62	60	6	816
104	54	54	1220
115	107	8	1298
47	19	19	1230
45	55	11	1067
197	87	57	1869
40	30	6	571
97	46	26	1547
65	64	13	1351
133	101	61	2718
91	91	7	2439
53	211	26	647
96	87	25	2702
36	22	7	1999
92	136	17	1492
280	168	81	2284
118	258	16	1555
19	55	4	1096
53	39	9	961
57	29	7	2194
62	9	19	918
245	164	49	2088
43	6	4	955
125	82	43	1654
146	120	11	1990
43	47	16	1627
75	44	16	3251
16	13	16	791
74	45	27	766
62	21	31	1026
55	58	10	666
118	37	9	1611
65	16	11	975
101	48	18	596
62	47	34	726
113	51	27	1809
219	292	37	3826
64	27	10	1185
154	110	115	856
28	21	3	1061
140	69	52	4840
98	17	7	3127
71	72	10	1521
34	3	10	1083
59	62	6	2356
146	212	17	2413
72	77	46	1011
94	38	15	1356
828	318	29	2612
58	21	17	2334
150	47	13	1348
61	40	12	2055
158	64	43	4584
34	13	18	813
193	32	28	1540
48	13	6	813
172	126	30	5511
35	11	9	1603
53	24	22	1299
38	36	4	1260
55	15	5	701
53	36	11	1797
115	205	15	995
35	48	12	1895
112	468	15	3425
182	100	24	957
211	39	373	1611
58	86	17	731
44	11	8	3460
29	40	4	635
108	132	56	5510
97	110	12	1018
94	16	20	1522
48	23	3	668
107	151	21	1744
215	93	63	3187
34	45	8	1264
85	63	7	1487
62	71	30	723
47	7	26	1726
59	3	40	1731
272	132	24	1861
74	26	7	3185
44	16	39	865
87	26	30	2212
31	8	7	1374
52	13	19	1089
90	56	10	1369
237	70	27	1006
51	13	22	1538
50	67	5	1603
34	4	4	1514
26	12	8	1473
51	45	9	1647
221	151	20	2661
49	28	8	1206
43	9	4	1186
290	127	37	1433
39	29	6	1303
57	23	9	2228
62	34	8	1878
42	71	6	1401
133	31	56	1673
31	29	23	741
56	20	10	889
59	33	6	3089
13	33	3	1444
178	62	23	1706
86	61	14	1318
39	144	11	985
27	39	10	950
37	16	4	995
24	26	5	1530
301	364	36	2536
66	46	6	1645
23	29	6	579
32	16	8	1235
34	14	3	1976
88	79	31	960
83	18	53	978
23	22	4	921
11	1	5	721
46	31	22	1017
37	34	8	3787
146	55	19	1917
107	23	13	1222
30	20	3	530
79	75	6	1814
24	10	4	1493
79	42	127	1779
44	81	10	1279
411	173	40	2526
66	31	4	1439
57	105	11	1125
44	87	6	2244
65	9	16	586
66	52	15	1584
42	26	26	1547
205	119	16	2645
25	21	3	1018
145	98	20	2451
37	33	3	814
42	72	7	927
151	466	19	537
78	54	22	2026
33	57	9	635
174	79	30	1744
69	33	15	1830
184	49	21	1516
216	51	29	3290
21	10	11	1761
105	153	15	812
26	36	5	1385
112	137	31	705
50	18	37	2056
51	18	7	1214
158	193	14	1471
353	195	69	1091
42	65	7	2515
31	68	1	1867
50	16	6	1366
53	68	7	2112
156	492	13	1851
42	36	10	1685
145	38	26	676
35	9	6	1593
20	84	9	660
28	3	5	1260
247	189	25	2314
69	63	31	1447
65	116	18	968
70	35	13	1142
54	55	9	1230
174	9	19	1078
90	58	8	1660
58	11	3	1447
130	132	17	2927
100	49	12	2085
81	15	26	983
58	42	6	1463
66	114	7	2204
100	99	8	4590
140	164	11	1850
45	12	12	1350
227	65	22	2633
28	68	4	1617
42	22	8	571
27	7	4	945
20	9	1	1089
53	79	9	1230
75	76	7	1891
43	30	9	1781
42	42	6	1343
53	41	10	1744
89	57	8	1375
52	9	10	1670
41	25	3	590
17	8	1	896
59	65	7	2709
125	312	15	1926
65	50	16	1717
88	97	6	1478
49	27	4	963
28	38	6	2264
42	24	6	1369
93	160	9	2795
86	43	6	1010
30	20	3	1805
75	39	11	2407
21	20	3	878
69	205	7	578
22	36	6	1812
47	41	3	927
63	52	9	583
20	16	6	1107
146	119	13	1831
242	96	45	1082
17	25	4	891
92	131	6	1569
60	31	14	1437
76	109	11	5800
60	126	11	914
66	40	29	2345
141	196	15	2589
58	46	10	986
100	250	40	1093
63	8	9	994
63	51	4	680
31	29	7	707
95	202	6	1910
115	72	10	832
64	23	7	1469
34	56	31	1232
50	84	6	1951
197	170	11	930
16	35	3	1980
308	342	36	3026
13	18	1	1606
19	28	1	2480
26	16	9	632
18	18	22	903
27	32	8	2050
33	8	4	1369
133	198	36	3835
22	10	3	2040
34	10	0	1860
50	26	4	1036
56	73	8	661
35	28	6	909
32	50	5	1293
25	260	14	6705
29	30	5	1214
47	147	4	1503
54	187	7	915
74	49	15	1414
66	8	29	422
70	231	9	1525
190	166	15	2777
59	60	13	2192
35	22	7	1696
24	28	9	2029
66	73	17	1516
30	52	3	1697
16	55	4	672
88	96	4	462
45	163	10	2374
158	51	67	916
43	36	4	1586
151	118	42	1609
8	36	2	1076
55	83	44	951
122	67	12	982
40	22	2	1576
57	71	15	5834
26	24	6	1641
32	28	7	1639
64	111	15	1398
114	151	14	1213
20	21	2	1389
34	43	5	1396
47	27	15	1788
49	88	7	2367
54	53	18	1841
39	13	4	1839
57	25	9	1964
31	4	3	1287
146	91	14	1373
45	70	5	3331
199	37	22	1236
66	41	18	1128
73	15	10	2099
84	202	4	1116
51	50	4	1874
37	47	7	823
221	50	205	11447
97	43	29	1084
245	86	27	686
24	64	7	1736
131	77	60	879
78	79	28	960
45	53	3	1525
76	14	18	1523
72	276	6	1875
82	68	8	2343
105	154	13	1873
13	3	1	1285
31	65	6	706
130	91	22	678
86	268	6	1782
32	17	5	2015
48	35	1	1155
34	64	3	1231
33	41	6	750
161	69	12	1537
315	140	65	859
54	18	13	1209
64	19	24	1659
53	9	5	1735
127	442	14	504
45	8	18	1426
68	65	4	1857
60	47	10	1210
36	5	3	1672
168	155	25	4377
62	34	5	3242
23	16	3	1514
48	106	14	1138
84	32	8	1254
29	39	7	1903
40	49	3	1573
99	232	13	1880
52	125	2	2202
132	115	17	2963
67	93	7	2755
21	34	7	630
32	18	2	1320
35	23	3	942
59	16	2	1824
126	87	29	1637
21	66	6	1255
96	60	14	996
77	109	4	1851
73	22	6	1587
25	12	1	2014
114	46	38	751
35	27	7	1505
37	9	4	681
47	26	4	1459
65	39	10	780
55	47	14	1445
26	29	5	1490
75	11	34	1539
91	60	15	1212
119	79	36	1755
85	60	18	1520
124	129	17	2005
111	139	20	1992
101	65	15	504
87	27	4	2993
115	253	9	2155
122	90	26	2037
26	28	6	1433
46	35	2	1036
159	44	17	2436
20	80	8	926
82	368	11	1365
153	105	17	1346
35	36	4	1094
51	31	6	368
147	161	17	748
162	188	46	569
40	17	3	1796
34	28	3	991
30	11	6	1462
25	53	21	1493
66	37	9	913
21	23	2	1349
40	26	5	1173
20	13	3	1434
52	16	7	2000
91	77	22	10170
62	67	16	4314
40	24	5	1435
149	40	83	3158
106	80	9	1139
140	61	10	2800
140	20	15	1321
61	27	9	2548
28	8	2	2181
90	197	7	1814
74	96	4	2402
33	30	2	1122
29	25	2	1241
28	12	9	1177
431	403	49	1981
21	68	4	1540
2	39	2	1287
76	25	6	1865
66	47	5	2772
49	50	4	1513
21	10	4	1895
49	59	8	1630
233	53	13	1304
33	12	1	723
170	49	57	1862
33	63	0	2528
47	33	2	2899
98	101	13	1514
17	68	2	1486
30	5	2	1374
140	59	121	862
41	28	5	2161
80	57	4	1410
121	30	16	1522
73	91	11	2314
31	67	2	1279
51	36	4	1333
143	85	5	1951
53	29	14	587
32	24	3	1788
28	32	2	1159
84	111	14	3474
53	53	7	1601
86	37	7	1393
58	46	10	1235
94	56	11	1529
104	114	14	1580
392	183	119	1202
42	10	7	872
113	26	27	1093
67	101	12	1531
38	39	6	1036
112	109	13	4251
32	37	5	777
60	27	11	1670
55	110	10	716
95	81	11	1793
187	713	35	1667
19	22	2	1236
49	58	4	1731
13	39	3	1802
125	62	19	2053
81	140	42	6475
68	98	3	1717
139	177	18	3159
23	3	5	1333
43	13	5	597
34	20	4	1302
49	20	12	1060
65	60	12	2673
58	18	3	2155
141	82	66	4076
124	86	9	2520
84	145	24	966
72	88	4	2221
30	2	9	1173
733	295	45	1683
76	63	4	2042
50	21	11	3306
166	60	24	2440
86	53	9	1557
85	79	6	1404
93	122	14	2686
73	53	25	1584
43	67	0	2151
39	28	6	1250
88	71	5	1943
409	385	39	1651
52	29	2	1259
141	179	15	3419
32	25	2	888
15	12	1	2087
64	41	4	1116
69	196	7	1875
82	45	7	1700
41	42	2	1080
76	44	6	1649
49	100	6	3515
23	39	2	2186
28	12	2	1183
35	81	3	671
79	124	10	2734
30	12	8	1070
84	79	5	1281
79	222	24	2281
103	88	11	3126
60	16	4	890
57	65	10	917
83	122	12	1099
194	59	10	957
36	25	8	1395
46	68	3	1229
14	30	5	1672
22	6	4	953
81	107	9	1472
22	16	2	1777
148	64	19	1752
78	84	17	2184
16	11	1	921
40	28	10	1709
48	103	3	1884
95	220	10	2187
51	60	13	1171
55	91	5	1085
51	29	7	1876
160	50	12	2249
43	28	6	1286
26	40	2	880
71	65	8	1630
60	19	6	600
84	31	22	1430
34	11	6	1083
32	10	7	1685
50	11	5	1027
66	53	8	1418
23	20	4	1080
35	24	4	1279
46	24	9	599
157	115	43	6495
25	12	9	1537
148	308	11	2096
41	36	5	1209
43	24	8	1304
45	12	7	1231
51	79	2	876
25	29	3	2627
26	113	3	1280
54	160	9	1489
52	21	3	1337
69	92	9	2153
121	79	17	1097
19	15	3	1476
212	63	19	1362
52	22	4	1594
22	9	2	1719
175	137	18	1700
62	19	5	1368
60	62	4	3248
26	16	3	1401
33	17	2	1162
78	128	7	3921
57	138	32	2568
40	21	5	1986
24	18	3	1198
46	63	11	2526
42	36	11	1236
19	7	1	1606
46	45	1	826
32	26	6	516
81	66	2	943
56	48	4	1813
40	30	8	895
46	26	5	1343
45	20	6	2334
82	89	7	1316
61	19	15	1071
44	40	9	3217
80	143	10	2113
82	42	4	1816
58	79	7	2558
48	40	7	2389
147	48	8	1616
53	39	3	2443
176	72	31	5064
43	18	7	1580
124	31	11	834
33	9	5	948
15	23	7	1600
97	24	25	980
12	4	3	956
42	81	3	1883
129	86	10	922
89	17	22	1322
77	31	31	1158
83	69	12	1366
33	13	5	2672
488	717	51	1834
61	75	15	990
57	15	5	2450
53	160	14	3002
57	26	16	1132
66	77	16	1612
72	53	21	1204
85	92	18	1389
25	14	6	1222
44	22	20	1415
45	13	3	2588
68	24	13	1067
68	51	7	886
71	54	9	1152
48	48	6	1266
7	20	2	1660
22	13	4	2546
181	30	46	1285
108	36	9	1567
95	65	20	1607
51	31	9	872
44	14	14	2132
51	78	8	2220
49	20	4	1679
46	29	6	2302
110	108	12	2555
82	34	14	1948
52	15	10	1085
24	20	2	1651
33	25	5	1523
23	10	3	1490
85	30	6	1124
107	100	15	933
106	123	31	6300
247	95	19	899
140	77	23	729
14	18	4	1520
59	115	8	2721
59	82	9	3242
65	63	3	2408
46	36	17	1466
46	23	4	2075
53	73	8	995
58	82	3	1834
23	43	4	903
54	31	11	3424
61	24	5	751
33	48	3	1908
45	4	3	1489
80	323	11	1174
240	74	18	3985
26	23	7	1044
18	31	5	1406
68	21	4	616
24	14	6	1373
48	158	6	1972
24	26	5	720
45	53	2	1182
72	69	5	2821
42	47	1	823
29	25	4	1898
370	125	57	1153
110	31	51	2985
30	28	6	1657
26	45	5	2362
93	50	20	1993
68	33	10	2199
62	18	10	1868
34	67	3	1214
71	74	4	1230
54	58	4	2532
43	32	4	2611
61	36	11	1054
47	24	5	2535
39	112	12	1573
82	56	8	1539
71	53	9	1205
28	23	6	1500
68	110	21	4919
18	12	1	1984
46	21	10	1801
141	124	14	885
99	71	9	1767
28	56	7	992
47	33	8	2046
19	23	5	922
39	46	4	1470
29	31	7	1513
63	28	11	1310
70	46	11	2247
27	36	8	2160
96	41	20	1102
201	84	24	719
22	33	9	1547
26	21	4	1425
24	23	6	1628
17	7	1	804
72	46	16	1448
25	16	8	772
127	62	14	1969
86	69	20	916
47	148	11	2251
94	30	20	1137
71	150	15	933
91	97	45	1232
24	25	3	1630
109	66	15	2255
47	67	7	2501
103	76	16	4475
55	82	21	1190
21	32	3	781
80	65	7	1366
74	47	19	1218
51	12	4	1025
45	78	6	2657
88	95	14	3227
4	29	4	2369
68	12	25	882
73	24	8	877
28	48	5	2710
16	16	4	1534
113	106	11	1998
71	184	11	3513
78	507	12	1679
33	68	3	2062
17	88	1	2298
32	19	1	942
131	58	10	1037
32	20	4	2508
20	52	4	2000
39	12	17	1852
53	7	6	1282
219	56	19	2121
65	124	5	1514
67	26	15	1992
82	13	28	3073
21	6	4	2364
34	15	1	1613
23	24	2	1784
27	43	4	2777
99	102	7	2887
32	11	3	1174
47	20	5	2502
187	63	38	1477
41	15	7	4219
21	3	6	848
35	16	3	836
63	85	5	1848
112	106	18	4789
21	36	5	1311
60	47	10	3484
62	66	11	1384
28	28	4	1120
130	81	32	762
43	33	6	2231
63	142	9	863
75	52	8	1158
58	32	5	1715
72	119	16	2192
128	194	14	3379
43	54	6	2343
32	46	4	3288
30	25	3	2233
50	46	2	2581
20	9	6	2859
95	84	12	3041
98	57	15	1065
71	31	10	1943
20	10	7	1212
160	41	17	1180
21	21	6	1662
75	92	8	7325
176	58	53	1246
47	12	5	1724
61	16	14	1959
193	81	19	2105
39	52	4	1411
44	83	11	1319
46	74	5	1163
104	81	5	1218
60	84	2	3592
33	39	3	2429
40	74	3	1036
60	67	6	2118
23	17	8	3783
47	81	6	2545
59	127	10	3510
44	22	8	1191
14	6	1	1623
40	105	3	1530
42	50	1	1224
8	6	2	791
25	18	3	2157
42	27	2	1077
48	24	12	1632
33	74	7	2993
30	8	6	1572
70	264	6	3778
22	28	0	1412
103	58	19	2999
48	79	5	3306
33	43	2	1558
10	9	1	454
30	80	3	1467
65	47	6	728
51	53	3	697
33	1	7	1223
89	121	8	2101
31	19	8	956
116	512	15	2794
37	29	11	1304
48	41	2	671
76	53	5	1401
148	85	31	1988
170	34	8	1194
72	91	9	4304
33	63	3	1277
31	16	2	1093
30	106	6	4207
11	13	1	1317
45	25	11	1216
21	5	3	3484
135	121	27	3145
58	16	18	2257
114	69	7	1545
32	16	6	1135
64	157	5	759
81	47	9	2241
31	13	4	1888
57	34	5	1086
29	8	5	798
32	30	9	1062
46	31	9	2427
39	65	5	1418
50	22	4	2905
49	18	8	1429
35	42	2	1884
43	50	5	2374
32	21	10	1128
88	53	9	1147
44	20	5	2411
28	30	3	2118
29	18	3	501
70	40	8	1868
37	7	3	2129
29	26	4	1541
118	32	21	2759
60	21	9	505
26	44	4	2153
36	37	5	1392
42	22	7	1731
106	63	8	2262
54	73	4	3715
51	25	6	1098
25	6	3	573
33	16	0	1125
67	74	37	2634
73	81	6	449
22	18	5	2220
20	73	1	542
19	28	3	1452
46	25	3	3131
31	62	1	2967
28	119	2	1188
51	40	3	1271
41	51	2	1247
43	38	4	1663
106	52	26	2649
29	20	7	2013
29	27	4	1290
41	19	22	1575
25	38	1	1831
107	39	9	1156
171	208	12	1806
65	18	13	3573
45	14	8	1944
41	10	11	1854
58	110	5	1532
177	190	23	2924
184	226	16	4970
21	37	6	2319
24	7	1	2331
66	104	3	2810
42	34	8	2414
37	42	2	1610
22	74	4	2132
90	43	21	3483
59	39	7	921
43	30	31	1117
12	10	1	1507
35	43	0	1597
112	138	16	3076
37	77	6	1794
77	63	18	2886
38	42	3	2172
34	35	3	1938
423	387	108	6934
32	116	2	1712
35	43	5	1907
32	8	0	1060
28	10	2	1939
51	142	4	1368
44	80	9	4190
24	7	4	1583
17	14	2	1601
64	39	8	1803
35	27	5	1584
44	16	5	943
49	22	12	1341
31	35	5	3288
29	42	3	2533
24	14	1	2846
182	90	23	1114
42	45	4	2521
38	22	5	619
68	168	9	2521
50	101	4	1595
46	111	3	3754
35	41	1	1455
23	14	11	1477
29	19	5	1442
79	10	6	879
71	98	16	8781
58	21	1	1402
66	59	12	2787
85	125	8	998
39	10	2	3555
46	100	3	2159
26	12	1	1690
67	44	5	2809
20	152	4	2453
28	14	3	2471
38	30	3	1666
95	255	5	1243
89	171	16	3625
29	24	1	1678
52	13	8	1065
165	65	13	2010
40	128	9	1559
46	67	2	2116
26	6	2	2215
73	27	4	1516
29	14	3	2899
51	29	9	876
28	18	3	2140
64	35	15	4493
30	34	4	1284
31	20	14	4725
49	8	4	1895
35	50	8	1250
59	124	6	2441
32	23	1	2012
43	15	7	1641
72	65	5	1405
28	9	2	2919
4	50	5	1485
28	42	0	1795
54	20	1	1753
53	17	8	2373
19	38	0	1808
57	33	9	1489
69	62	10	1838
58	41	9	2303
37	17	15	1451
36	28	4	1624
107	46	8	1175
54	54	4	1714
28	35	2	1236
88	46	5	1798
31	43	2	1171
32	13	6	724
58	23	6	4567
27	36	1	2226
29	50	1	2511
70	286	9	5624
31	43	1	1602
47	9	5	4814
32	41	2	1715
36	78	2	1422
24	18	0	1927
19	10	0	1267
34	21	3	1981
21	82	1	922
23	23	1	1946
91	29	9	3067
96	16	1	1076
145	39	11	782
33	81	6	4527
21	26	2	1044
62	63	3	1482
18	24	0	2017
57	30	5	1677
27	38	4	2484
228	166	39	9615
99	64	6	1080
29	25	1	1382
43	27	3	2192
14	25	2	1374
81	53	5	3271
22	11	2	1692
42	30	5	1597
49	69	5	2433
44	35	12	2020
82	80	5	1907
50	134	3	3111
22	20	1	1048
29	4	8	1389
140	230	38	3669
23	37	0	1772
45	32	6	4403
51	40	2	1348
40	62	3	3278
31	24	0	1096
66	79	6	2632
30	38	1	1442
75	23	3	1854
51	21	3	1618
55	35	4	4706
34	23	5	1422
104	105	9	1763
30	58	1	2062
67	92	4	1966
51	18	3	938
24	23	1	1880
30	22	0	2033
22	113	0	1896
60	14	19	661
18	36	0	1546
22	49	3	1470
28	25	4	903
45	17	9	1494
105	158	4	1245
106	59	6	1515
40	30	2	2621
21	13	0	708
57	31	3	2327
94	84	7	1708
21	21	1	540
42	41	2	1505
37	47	2	2562
60	0	13	2340
73	29	3	2183
135	30	23	1968
25	21	1	2617
54	146	2	1955
45	59	2	966
47	144	2	1439
21	27	0	2576
157	59	23	1310
25	39	2	1737
70	208	7	2339
117	107	7	1374
77	90	6	2542
36	90	2	1225
22	13	1	4093
44	64	3	1691
7	19	1	804
30	25	1	3041
15	12	2	2653
47	33	9	1580
60	17	8	1623
200	86	27	1952
50	83	0	756
46	72	0	990
55	67	4	3766
67	113	6	2706
56	51	5	1574
191	265	12	3270
118	29	5	1722
52	35	4	2158
22	25	1	3080
170	243	8	2530
18	9	0	2056
40	33	3	2002
147	25	21	4052
85	95	6	1052
48	67	2	1516
46	23	1	2921
36	22	4	1349
126	194	20	1800
52	109	5	6266
28	17	0	2004
60	12	2	1107
33	60	4	2697
28	49	2	1382
61	55	7	1176
44	17	1	1846
53	29	12	786
23	10	1	2280
22	12	1	2319
39	42	1	2083
65	74	4	1887
9	4	4	719
96	94	13	2045
79	23	4	1350
46	21	10	931
78	41	6	1972
16	13	1	1495
24	9	1	1103
43	31	2	2402
48	80	4	1577
116	36	5	1658
51	25	5	1069
42	112	3	2426
16	26	3	1332
44	9	1	951
68	23	1	1777
22	39	0	1302
63	54	2	1610
47	14	0	3004
36	7	4	2311
66	48	2	603
108	61	15	1933
30	54	5	1628
30	27	0	874
60	144	6	3035
37	11	1	2071
34	18	1	1341
23	13	0	2018
41	57	3	1815
83	77	9	1036
14	20	0	2226
42	74	4	3840
39	64	5	1220
116	50	9	2131
53	22	3	1026
20	49	0	2667
27	61	0	1019
44	16	8	1697
42	48	2	1772
36	32	7	1279
34	14	1	4297
31	16	9	758
43	12	0	1282
39	21	2	2019
81	10	4	1324
46	43	0	1300
101	66	8	1542
31	47	0	2179
23	15	1	2929
27	5	0	1836
23	39	1	1752
22	8	1	1992
12	12	2	586
57	31	12	1501
47	45	2	2180
40	63	4	2251
36	125	1	1486
20	20	0	2918
12	5	3	2534
41	27	4	1885
55	20	4	1150
22	17	2	890
27	110	0	2198
13	43	0	1912
48	32	3	1567
51	54	2	2096
37	48	3	4266
52	64	2	2356
89	98	6	1816
79	45	17	4598
120	216	10	2490
25	51	2	1724
40	269	3	3828
62	84	3	1462
105	28	10	2773
125	437	10	4322
41	59	5	2425
54	97	2	1547
103	23	36	3075
30	47	0	2462
30	77	1	3602
38	119	1	2121
71	118	1	1801
60	39	3	2877
38	37	1	2266
13	26	0	1953
9	9	0	2272
53	177	1	2469
28	28	1	2125
17	9	0	2369
35	34	1	2625
24	16	1	2146
40	159	1	2665
94	49	1	1363
25	14	1	2069
29	48	1	2126
21	16	1	3218
13	6	0	1698
48	56	2	957
34	37	0	2937
71	28	1	2256
44	45	1	1777
28	10	1	1197
77	176	8	2168
78	175	3	1391
36	44	7	1519
55	15	18	1898
12	9	1	1632
29	5	1	2289
248	44	64	1303
27	22	7	2567
88	287	8	3411
21	31	0	1176
52	6	6	1675
42	16	3	1469
20	9	1	2781
39	43	1	2362
16	27	1	1656
38	64	1	2389
44	49	1	2619
17	9	1	1439
28	34	1	1287
21	11	1	1965
25	24	1	2180
20	6	0	1665
22	6	1	1756
38	13	0	1458
49	31	3	1362
54	19	1	2602
128	42	12	3317
133	31	6	2674
29	45	0	3281
42	56	1	1862
27	12	1	1625
49	64	1	3900
23	18	1	1252
27	27	1	2033
33	9	1	1576
85	71	11	3217
31	39	4	2411
101	17	1	2457
20	15	0	2070
27	23	1	1393
85	77	1	3484
111	47	14	1884
17	18	0	1651
25	16	1	1772
31	68	1	2117
37	29	1	2007
26	33	1	2526
27	10	0	1496
26	20	0	1405
39	22	1	978
95	40	8	2111
38	7	1	2432
29	36	1	1917
89	57	13	2224
12	17	1	921
11	3	0	1415
14	14	1	1185
78	52	6	1602
35	25	4	1698
32	13	4	817
75	40	1	2431
25	24	1	1993
48	29	1	3415
49	19	1	1942
21	9	1	2826
135	57	21	5416
34	32	1	2379
38	58	1	2795
113	49	16	3509
23	17	1	2754
85	145	1	1256
14	19	0	1684
48	19	0	2277
37	53	0	2218
36	28	0	1366
87	188	6	1863
11	6	0	2097
41	28	2	2082
91	260	5	3131
53	85	5	2255
45	56	6	1149
35	53	1	1612
140	170	19	3605
27	22	2	2106
50	72	1	2456
21	42	1	2117
29	18	1	2199
35	31	1	1426
18	3	5	1237
45	30	3	2170
84	282	2	2361
64	90	8	2887
55	73	5	2091
159	61	25	1501
62	61	1	2139
28	47	2	3117
20	14	0	3098
30	20	1	1911
38	26	1	3499
152	296	1	2521
47	127	1	1712
20	6	1	971
24	13	1	1260
23	28	0	1536
31	30	1	2701
25	8	1	4007
25	11	4	2116
33	32	0	2058
15	10	0	980
47	73	1	1925
30	34	0	2678
44	25	1	1204
56	56	1	1534
34	22	1	1536
35	77	2	2085
27	14	0	1543
49	19	1	1391
40	10	1	1803
61	58	5	1807
30	25	3	4119
194	128	21	2004
87	119	23	5895
43	25	1	2181
8	4	3	1609
26	29	0	1556
54	15	8	3625
49	20	5	1571
25	46	0	3499
20	211	3	2977
150	44	19	3980
64	11	1	1427
68	15	6	1865
27	44	0	1421
17	4	0	3552
30	17	0	1648
17	13	2	2942
27	3	5	1787
86	69	8	6117
24	13	0	1690
58	48	1	1869
133	35	10	2857
100	136	1	1775
38	39	1	2575
32	13	1	2558
33	25	0	809
103	20	10	1021
84	64	1	2040
29	30	1	2107
61	32	3	2310
22	45	0	2931
31	21	1	2013
16	4	0	1677
33	7	1	1371
16	7	0	1932
100	159	1	2340
29	46	0	1725
65	14	6	3077
57	48	9	1724
142	120	10	2930
29	13	1	3241
16	2	0	1824
34	35	0	1709
64	105	13	4215
28	18	1	2075
37	17	1	2059
53	17	5	2724
16	8	1	2351
45	27	1	4826
43	35	2	1567
6	2	8	2147
13	4	0	1146
31	81	1	2587
23	23	1	2187
30	33	1	1481
29	9	1	1934
37	5	5	1011
123	40	10	3570
34	39	1	3291
25	14	0	1750
23	16	1	2800
65	43	1	1556
60	67	1	2130
50	26	1	1768
25	21	1	2186
137	217	10	2526
41	22	1	2310
55	42	1	1549
38	16	1	1789
82	115	6	3805
33	76	1	2418
24	19	1	2204
54	46	13	4765
58	21	8	1966
18	8	1	1092
68	139	1	2443
52	106	2	2420
29	26	0	1723
43	23	1	3394
68	151	2	4809
42	49	1	2309
56	16	1	2521
56	41	1	4681
257	85	28	4050
52	44	1	2748
67	29	1	1936
175	78	8	3047
45	12	1	4069
34	35	1	2099
59	18	5	2928
51	29	1	2814
51	19	1	4096
25	51	0	2260
52	61	0	2982
52	35	1	4614
130	21	16	3970
32	17	7	842
22	32	0	4158
16	28	0	2606
20	19	2	1638
18	6	0	1390
54	125	6	1946
6	3	0	1420
34	29	3	1931
18	16	0	639
23	8	1	1942
30	26	1	3689
69	58	1	2281
0	102	1	2195
18	4	0	1980
71	80	6	3193
19	5	2	2898
87	46	37	4460
53	17	1	542
37	40	1	700
108	74	10	4093
26	17	2	2394
144	115	14	5340
14	13	0	1377
30	35	0	3548
47	26	4	2444
36	39	1	2042
40	161	0	2838
132	73	1	4657
56	260	6	2999
19	9	0	2096
34	25	0	2631
22	32	0	3947
161	104	2	4570
12	9	1	2316
35	19	2	2030
31	21	1	4657
15	2	0	2161
17	2	1	1919
35	71	1	2607
30	44	1	2106
41	79	1	3002
25	75	1	2097
43	56	1	1466
64	41	8	2379
67	33	1	2332
36	6	1	2394
16	14	1	1792
44	19	0	2187
26	29	0	3545
30	36	1	1286
18	5	0	1792
10	7	0	1610
82	35	2	1333
48	23	1	2479
15	7	0	719
27	0	4	2138
26	28	0	997
28	9	1	2117
22	28	0	2089
20	6	0	1610
127	94	21	2172
59	28	7	3856
54	50	0	1195
25	15	0	2004
10	5	0	1462
23	30	1	2149
32	40	1	3698
69	52	6	1130
23	15	0	1828
79	111	8	2821
35	62	1	2012
80	29	1	3106
9	27	0	1131
119	94	5	3303
72	133	9	2885
106	129	1	2443
28	24	1	1781
33	20	0	1910
60	75	0	3456
17	16	0	1725
51	27	3	1897
14	5	0	1039
31	54	0	1899
24	11	0	1704
14	8	0	2003
33	27	1	3212
35	15	1	1452
35	33	1	976
28	22	1	1702
6	4	1	1612
45	61	7	1710
23	24	0	2307
15	48	1	1130
43	43	1	2709
50	22	1	2262
66	92	9	4376
28	13	0	2018
65	19	16	2083
28	2	0	1839
15	14	0	990
62	28	1	2695
68	111	1	6341
57	96	1	2668
63	41	14	5459
27	18	1	2258
22	8	0	1547
118	69	13	2172
24	1	0	2203
20	12	1	1173
45	13	1	1399
40	22	1	3821
38	21	1	1784
6	2	1	947
13	3	0	2253
58	36	1	2505
23	27	1	1931
17	45	0	2133
65	76	1	1623
33	41	4	1982
27	10	1	1946
49	55	1	1817
35	15	1	4762
26	31	0	1691
30	41	0	3824
40	44	1	1172
26	63	1	2142
40	8	1	5174
25	22	2	1514
49	81	1	1859
32	24	0	2178
18	20	0	2182
23	22	1	1148
22	14	0	2103
215	155	27	4416
88	39	7	1283
39	56	2	1084
53	40	2	1125
3	4	1	777
55	60	1	2228
52	63	1	1719
20	45	0	2182
2	4	0	560
14	38	0	2055
67	17	6	4080
31	33	1	2276
17	12	0	2995
15	27	0	1883
33	80	0	2255
25	82	1	3181
30	20	1	1475
51	16	1	1239
28	22	1	1837
36	26	1	2527
29	56	1	2942
38	21	5	1693
69	227	1	3044
115	108	15	4511
43	36	1	2318
54	12	3	4936
13	20	0	3073
27	13	0	1280
48	57	1	4667
38	7	2	1447
157	47	46	970
31	6	1	1652
29	29	1	2437
51	14	1	3041
25	18	0	2106
27	7	3	2826
33	95	0	2664
49	52	0	3836
13	12	1	2311
13	1	1	1000
23	9	0	2729
24	30	0	1982
29	18	1	4498
58	40	8	3363
51	23	1	1553
84	42	1	1239
51	32	1	3846
67	28	15	1932
6	2	1	2530
35	60	1	4146
30	42	0	4235
29	55	1	5587
26	5	0	3993
17	8	1	1884
41	9	0	1695
22	14	0	1435
25	19	0	2112
24	19	1	1301
49	14	1	1425
15	5	0	2039
41	12	1	2197
28	6	0	1571
50	36	1	2555
43	56	2	4623
88	99	7	2324
35	42	1	1225
23	17	0	1473
24	19	1	2661
24	24	1	2410
30	10	1	3142
37	30	3	1710
68	21	1	2519
46	34	0	1663
11	2	1	879
19	11	0	685
17	6	1	879
24	15	0	1887
24	14	1	1303
21	11	0	1834
29	12	1	2227
84	50	1	2525
49	68	15	1737
30	17	0	2568
7	9	0	711
45	20	1	1059
21	3	0	2003
61	53	1	3702
40	21	1	2256
41	36	0	2087
90	213	1	2542
47	15	1	3097
28	25	0	2080
150	29	17	2297
36	10	7	1014
34	9	0	2518
130	14	22	2892
13	15	0	605
24	40	0	2651
30	34	1	3609
48	58	1	1774
54	49	1	3037
18	6	1	2115
34	11	1	1990
80	9	16	5064
27	7	0	1251
64	57	0	2621
125	382	1	4089
28	7	0	2376
31	56	0	2329
11	5	1	995
2	2	1	768
38	22	1	2772
26	28	0	2427
35	15	0	2206
23	21	1	2446
23	9	0	3466
23	17	0	1080
60	214	1	3065
31	45	0	2484
24	9	0	1802
71	22	1	4850
31	19	1	781
34	29	1	1842
30	9	0	2085
31	51	1	1804
30	35	1	3071
28	14	1	1025
42	31	4	2837
6	3	1	2128
33	25	0	4114
32	15	1	1268
26	7	1	2575
47	37	2	2154
45	24	1	3148
1	2	0	1035
32	13	3	2903
25	56	1	1230
35	36	0	1849
33	12	1	2223
28	7	0	1622
47	18	1	4695
89	81	1	1639
20	8	0	1984
19	13	0	985
47	24	1	1421
40	29	1	2373
40	27	1	1670
57	46	1	1729
70	55	10	1360
16	13	1	877
128	184	1	2259
24	4	1	3373
30	29	1	1339
31	25	0	1698
18	14	0	2584
5	3	0	1230
56	75	1	3445
138	62	16	5463
33	6	0	1421
49	114	1	1367
26	31	2	2857
42	13	0	3910
8	10	1	817
51	41	3	1853
41	32	1	2485
27	1	0	1784
44	11	1	2066
28	9	1	1979
25	2	1	1658
63	36	1	6177
27	14	1	998
33	25	0	2568
52	85	1	4566
15	1	0	1290
108	42	1	1468
59	13	1	3265
42	20	1	3043
26	28	1	907
52	17	1	2585
20	7	0	1343
67	67	6	3729
85	33	1	1591
46	34	0	3054
25	35	0	2166
44	3	1	3151
19	20	0	2296
55	20	1	311
145	61	1	2963
161	187	44	3967
86	25	14	858
57	17	7	2351
40	61	3	3009
77	25	4	2612
87	63	1	2741
15	4	1	1525
55	23	11	2176
96	17	1	699
30	11	1	2407
20	33	1	2634
49	16	1	1711
29	27	1	2125
39	8	1	1888
34	10	0	1425
10	13	0	2845
27	35	1	1369
19	22	0	2390
21	4	1	2031
15	8	0	1737
37	5	1	1099
25	33	1	1127
13	5	1	902
21	22	0	1046
43	28	1	3535
3	19	0	845
43	91	2	4129
33	21	1	1503
25	22	1	1147
22	22	1	1333
23	20	0	309
40	39	0	4676
31	28	1	2662
16	146	0	3008
22	34	3	2070
51	19	1	2134
55	27	1	2480
36	65	1	3341
86	117	1	3035
30	39	1	1725
41	24	7	2981
16	18	2	1187
16	4	1	952
27	18	1	1541
53	89	2	2428
19	12	0	3376
70	42	1	1615
18	22	1	970
75	208	1	1008
26	9	2	2270
36	10	1	2874
28	7	1	1699
22	9	6	1974
16	6	1	2615
6	2	0	1518
53	56	4	5303
12	8	0	2660
51	14	1	3207
46	39	0	3391
53	98	3	831
32	19	0	3498
32	27	6	3248
21	49	1	2663
46	27	1	1449
28	13	0	2512
8	5	1	913
61	184	1	7147
14	3	0	926
59	27	5	3514
41	47	2	5197
10	8	0	1985
13	6	1	1622
25	15	1	6658
11	8	1	1650
26	12	1	1224
36	13	1	2982
15	28	0	2317
12	33	0	1842
48	21	6	3820
22	36	2	1477
47	27	1	2682
26	17	1	1579
19	10	1	2528
35	14	1	2393
17	18	0	1845
52	85	1	3826
24	24	0	4626
40	25	1	2007
35	47	0	1493
15	30	1	1971
26	38	1	4428
5	2	0	1160
18	20	0	2089
67	38	1	3536
38	8	1	3185
37	17	1	2324
11	11	0	2327
61	42	5	6653
26	176	2	1589
10	4	0	1646
82	75	3	6219
40	44	1	2026
44	47	1	2813
39	23	11	4920
28	12	1	2072
95	22	1	2248
24	20	0	2181
16	14	0	2200
13	10	1	1648
32	15	2	3233
13	7	0	2792
33	29	1	3002
40	26	1	970
39	13	4	2612
35	21	2	2604
22	4	1	1914
29	3	0	2325
19	6	0	2382
30	16	1	2071
85	126	13	3061
36	84	1	4634
39	9	1	2119
27	8	0	2293
25	6	1	1652
26	11	1	346
30	5	1	2246
15	10	0	704
28	24	1	2496
35	133	1	1903
13	9	1	978
41	49	1	2004
54	104	0	1776
25	10	1	1935
32	10	0	3041
40	31	1	2952
18	23	1	2519
16	6	1	2620
37	29	1	2813
20	11	0	2019
79	87	8	4349
15	19	1	1836
28	44	1	2079
21	6	0	1644
90	97	1	4095
10	7	1	485
29	47	1	1203
4	0	1	2063
36	154	0	2750
67	213	1	6641
87	41	9	1682
41	52	2	3965
22	7	7	682
36	17	1	1920
11	2	1	1622
25	61	1	3829
68	11	23	3550
42	195	1	7346
19	24	0	2926
33	21	1	4893
19	15	0	2593
37	90	1	2836
4	6	0	1320
48	40	1	3878
14	17	1	4048
15	5	0	3201
41	59	12	2677
21	18	0	1748
41	21	1	2574
34	7	1	1667
22	84	1	1487
12	1	0	1466
42	9	2	2421
10	3	0	1730
84	74	17	3594
12	10	1	1492
23	6	0	946
47	27	6	2844
32	8	1	692
33	94	1	778
12	5	5	1987
40	114	0	1623
23	2	0	2659
17	6	2	3132
6	7	1	478
18	22	0	2641
36	90	0	2807
27	0	1	1872
16	11	0	1200
15	6	1	3163
14	11	0	2298
48	23	1	3711
46	28	1	4503
22	9	3	3773
15	7	1	1147
50	76	1	5167
49	76	1	424
13	2	1	371
10	0	1	543
30	8	1	3014
32	36	1	2980
30	28	0	1708
20	5	7	2355
43	19	1	1971
43	67	1	2857
13	10	0	2038
12	3	0	2501
49	23	4	3104
13	3	1	1877
34	88	0	5806
26	9	1	4236
15	14	0	1898
35	7	1	522
31	21	1	3395
30	66	2	1613
25	12	0	3695
19	21	0	1740
21	13	2	2393
11	15	1	859
26	13	1	4000
47	9	1	1351
60	21	1	3126
12	9	1	489
95	236	1	3846
38	11	1	1715
18	10	1	786
20	2	1	1785
21	10	0	3877
18	14	0	2966
33	44	0	1887
38	24	1	1198
16	11	1	1928
28	76	1	2390
20	37	0	1582
41	7	1	1069
15	8	0	3693
24	29	1	2073
36	25	0	6473
42	28	1	1042
15	2	1	1008
50	33	1	1809
12	10	0	586
52	23	2	2761
37	85	1	1790
35	18	5	2939
14	3	0	1397
47	23	1	2252
16	3	0	1594
16	2	1	4234
16	12	1	2227
10	11	0	2089
13	8	1	1778
23	8	1	998
13	13	0	1493
44	15	1	1758
28	11	0	1936
9	11	0	534
25	49	1	4096
10	15	0	1542
9	1	1	632
53	37	6	2356
70	108	5	6023
25	26	0	1578
24	27	1	2157
20	29	0	2243
25	30	1	2500
35	32	1	2436
5	3	0	488
7	12	0	979
34	40	1	2844
29	32	1	2312
41	19	1	2746
17	7	1	998
13	5	0	1793
23	142	1	2806
43	22	13	7049
21	7	1	550
17	41	0	7248
83	142	12	5082
22	27	1	919
24	9	1	1472
23	10	1	1334
25	18	1	907
68	39	1	1973
39	16	0	5244
8	3	1	1349
6	19	1	2363
40	49	1	3232
20	28	0	928
42	133	4	4580
47	60	1	3018
20	9	0	1201
23	18	0	1278
14	6	0	1457
22	54	0	6070
18	20	1	2293
26	20	1	1441
16	11	2	1524
14	29	1	2179
22	33	1	1315
27	24	1	1312
20	12	1	2525
13	11	0	1755
13	21	1	721
26	15	12	1429
28	27	1	1498
33	34	1	2007
22	43	0	1230
21	42	1	1599
12	6	0	529
13	9	1	1845
6	0	0	1785
12	5	0	3430
17	33	0	1707
51	45	1	1472
16	15	1	2127
35	2	14	1534
19	87	1	3713
47	16	1	2818
40	17	1	1718
24	28	2	5942
17	6	1	2416
43	24	1	2241
23	13	0	1258
11	7	1	1967
12	7	1	2443
7	6	0	629
8	2	1	559
11	6	1	494
20	13	0	1687
18	7	0	1437
38	43	16	1992
26	50	5	4391
15	4	1	1846
13	5	0	3076
23	31	1	1952
9	11	1	1140
23	16	1	5324
16	15	0	2259
16	10	0	2469
12	4	1	961
23	17	1	2615
8	6	0	1201
15	4	1	4050
5	1	1	536
16	5	0	2195
5	34	0	1213
13	6	0	1391
55	141	2	8122
25	37	1	1887
41	23	1	1577
15	19	1	3511
22	11	1	2282
24	74	1	2927
27	56	1	2332
12	23	0	2206
31	21	2	4410
19	5	1	956
33	22	1	3453
10	6	0	1889
29	11	0	4178
23	17	1	899
31	10	1	2156
10	8	0	1990
7	9	0	1315
25	4	1	3689
9	3	0	2395
6	1	0	1654
5	4	0	2084
27	35	1	1951
20	55	0	1847
37	7	2	3687
16	23	1	2676
2	3	0	685
49	19	1	2268
21	23	4	1336
20	12	1	1881
17	33	0	2151
11	5	1	1601
14	5	0	2454
11	1	0	1405
33	34	0	2835
33	14	1	1281
15	6	1	2807
52	137	5	6988
18	7	0	2392
18	5	1	1656
33	37	1	1077
7	7	1	1258
30	11	1	3256
17	16	0	4829
18	51	0	2426
56	38	10	4254
16	12	1	1427
18	8	0	1927
17	14	1	1192
27	22	1	991
0	3	0	1717
36	34	1	525
25	12	0	1680
11	13	0	2331
33	9	2	3085
13	6	1	2050
14	24	0	1673
12	1	0	2873
29	21	0	2019
21	37	0	1671
27	188	1	1929
10	2	1	1091
110	42	2	1750
27	14	0	1572
21	18	1	2840
72	26	0	1964
48	5	1	5378
16	5	0	2715
16	26	1	973
35	13	0	1638
1	0	1	819
10	2	1	812
17	1	0	1779
24	30	1	2027
26	3	0	1951
17	5	0	1976
57	19	17	3171
23	31	3	4184
26	21	1	2259
19	3	0	2324
20	8	0	1926
58	17	1	2170
21	27	0	2418
46	52	0	1649
36	99	1	2672
38	21	1	2257
27	21	1	1768
49	24	1	2773
13	4	0	1752
26	17	0	3752
14	11	0	3073
5	1	0	2574
35	14	4	1047
18	2	0	1878
25	41	0	3648
27	23	1	691
27	22	0	3118
8	1	0	1606
35	11	11	3781
16	1	1	1976
76	187	38	5844
462	392	152	9164
46	16	33	7306
641	347	264	7307
444	342	283	19640
90	43	51	4894
178	32	141	5371
66	38	50	6430
97	100	30	6167
125	105	187	7483
181	228	163	6232
168	74	161	8985
117	215	37	7824
309	326	110	8206
150	143	68	5774
177	193	91	8136
204	76	159	6806
121	24	220	6058
14	7	12	7398
1097	621	258	10798
125	267	78	5083
114	28	115	11472
277	264	171	5245
130	88	108	5351
106	162	163	6432
141	197	43	6497
98	33	153	10538
74	18	38	11913
250	107	243	5419
116	120	40	5991
132	58	65	7449
137	87	42	1883
73	42	48	4794
216	72	179	9028
658	946	137	8094
120	213	34	5233
90	77	18	6176
194	219	183	8441
132	60	36	6806
72	193	109	10994
141	79	51	7471
199	282	84	14854
46	29	16	6579
129	148	159	8527
690	151	474	7346
122	102	18	7138
189	160	32	11518
134	95	56	5917
159	711	50	7864
221	107	112	7015
212	77	179	8623
120	66	143	5427
166	77	93	8437
127	36	109	5536
117	175	82	6325
51	46	27	11757
70	27	34	8916
68	34	41	4981
341	101	88	5996
77	235	21	5473
198	182	117	7773
231	230	44	6445
87	50	39	5099
220	112	125	8262
119	52	80	10397
139	294	31	5856
121	157	52	5750
114	237	62	6499
88	62	32	6873
88	27	60	5562
56	108	67	5746
142	185	33	6547
88	253	44	29750
248	225	146	5343
187	428	215	4981
129	42	129	8752
172	126	56	5350
102	23	84	7998
95	70	35	10054
266	94	225	8986
301	360	232	4105
110	30	46	5016
859	636	183	33026
131	322	111	15425
93	92	15	1122
166	448	34	466
193	233	113	4534
33	7	63	5857
223	346	343	6138
206	235	152	9475
121	49	54	7878
893	888	115	1743
96	431	171	11153
80	71	18	3791
178	83	82	5186
67	79	14	6458
213	152	91	5476
157	69	58	4528
89	75	48	6417
277	258	56	4835
92	75	11	6063
176	126	31	4554
191	102	95	7119
139	245	38	8012
290	370	113	6377
162	165	40	7115
384	324	139	7586
140	36	190	8012
202	180	33	10309
713	415	168	12418
97	98	96	43228
98	149	32	5768
92	87	22	7235
199	124	55	12459
101	8	101	6320
125	139	139	7043
221	78	140	7727
51	27	21	5859
93	86	155	6899
63	15	71	10832
118	14	75	6055
107	30	72	7857
143	110	50	6288
192	141	75	4421
306	248	81	9724
469	363	102	11204
136	69	43	5416
55	53	24	5252
137	110	54	8675
193	153	123	7469
92	221	143	6589
114	141	19	5996
35	26	33	7871
89	15	100	7166
247	227	140	7993
95	122	38	4845
104	25	47	4983
96	31	67	4944
71	205	12	5366
151	13	178	6592
97	111	48	7466
25	28	6	646
288	314	107	17885
40	40	10	5884
77	37	92	5615
129	41	86	7941
209	217	39	4610
31	6	10	766
239	69	169	6529
168	124	131	6633
276	347	30	8887
148	121	59	5617
68	44	12	5700
94	31	63	6445
138	41	21	5900
95	17	19	7606
230	107	36	9115
154	95	17	7482
172	170	57	10242
67	77	13	13113
59	65	13	12853
370	403	76	12825
41	12	24	4729
310	412	96	4401
290	123	111	5744
128	291	15	4426
43	21	35	5945
181	61	74	6092
291	431	172	6138
63	8	18	4630
147	47	96	6508
145	207	63	4972
182	98	32	4785
186	126	76	5105
96	54	109	10067
55	66	11	5382
115	34	48	10542
47	65	10	4317
111	39	86	7276
73	74	14	12652
76	24	90	5674
61	77	39	6681
148	39	196	22119
168	68	33	5088
37	13	21	5173
95	99	41	12365
185	152	106	11230
151	181	135	8706
100	60	60	10259
84	31	35	7033
129	181	37	11581
38	17	6	5173
53	42	31	4575
75	174	42	5545
104	88	54	6710
79	138	27	9207
33	34	6	5081
236	406	45	7167
104	54	63	6730
50	40	12	4276
168	130	19	5553
77	28	10	3955
78	357	34	4788
72	68	10	6765
0	52	6	2149
33	77	9	8772
63	54	17	5577
133	50	35	10121
113	61	30	5218
46	71	55	6320
117	62	42	7020
67	30	14	4698
75	24	39	7335
91	42	6	5506
78	20	60	10374
85	110	9	9805
123	82	29	11123
352	58	125	22701
408	82	112	20124
150	129	13	5007
209	89	118	9883
54	65	7	5378
219	212	53	11056
61	144	10	5333
168	70	35	5161
377	116	176	37447
136	104	29	6365
35	15	4	5768
130	128	59	15190
81	59	21	4589
69	38	8	7703
96	162	32	5342
258	424	62	4557
59	32	11	4634
184	48	49	4232
90	200	6	5867
193	283	33	5234
76	59	16	6177
79	32	10	4555
46	51	10	5140
27	36	1	6676
186	166	23	5243
77	122	8	5684
141	125	14	6742
48	54	6	5193
71	58	7	2496
245	222	26	1995
69	144	16	6518
275	153	42	6225
55	82	4	3640
72	22	26	9293
143	149	40	11564
97	156	26	10962
108	33	18	12080
41	16	12	8114
46	15	8	6224
95	38	25	8008
40	32	41	9797
102	40	50	6408
199	267	49	6328
164	134	134	9035
80	34	100	7148
51	30	32	8147
150	45	93	5440
131	28	52	7576
85	79	21	5249
37	45	1	5456
67	241	7	6565
128	76	49	28552
147	29	183	11191
86	19	25	9354
217	119	46	7694
97	108	8	7933
79	31	29	11350
50	29	23	5830
231	45	70	14025
87	59	27	14876
141	25	33	11940
139	55	88	10967
52	96	7	5535
51	154	32	10473
146	285	35	4968
108	116	12	7699
88	183	53	6481
76	84	25	6395
84	29	27	9047
177	151	77	6457
57	20	16	6077
87	435	14	8802
104	34	25	6337
90	216	21	5529
182	84	41	10663
63	28	10	4115
91	30	38	9393
111	105	11	9945
91	124	24	15264
65	39	14	6182
71	51	10	5741
254	149	67	13220
68	130	29	5530
70	161	1	2611
49	27	1	693
107	52	14	5225
186	162	26	6889
75	58	10	5934
140	72	12	7927
164	130	112	2980
25	33	1	6227
23	20	1	6136
118	125	60	5542
160	261	22	14144
64	249	31	9993
87	134	14	16123
142	51	10	7002
120	187	17	13870
243	247	43	11856
68	15	60	12073
162	140	27	9654
103	60	46	6702
105	149	1	7825
392	166	31	11828
180	93	1	631
204	49	46	8185
81	83	13	6970
276	48	39	8667
56	128	1	6686
172	32	62	9390
47	19	19	6344
188	71	48	13290
84	40	20	7213
35	28	1	6346
60	136	5	6426
438	56	104	15400
103	191	15	8447
133	65	33	10281
109	45	32	6503
127	76	52	5435
130	52	31	6430
78	14	55	6631
51	39	40	4968
122	169	44	9643
66	118	39	8601
68	270	13	6335
75	62	7	6830
53	34	24	10550
90	28	19	6963
73	6	62	12204
53	19	30	5860
44	52	1	7333
96	128	46	6808
45	33	32	8099
123	125	61	7460
208	265	25	8073
72	27	17	6806
217	87	57	13083
72	54	13	8681
111	56	13	6343
78	81	20	8222
60	30	11	6324
83	85	9	10132
297	151	44	13255
143	14	41	6133
84	69	26	8738
40	40	6	6199
54	26	32	7050
61	156	7	4730
53	146	21	5069
273	87	79	6433
25	21	13	3217
55	18	10	7139
116	40	48	8462
127	39	1	7560
61	104	8	6093
49	78	4	5937
39	111	8	6650
62	55	1	14162
45	76	5	8162
51	55	9	6754
108	33	22	8822
69	40	1	4565
20	42	14	9230
98	91	9	13416
57	104	5	11097
93	128	13	18501
21	14	1	24364
83	30	46	15071
94	116	9	10165
60	173	8	12312
26	26	1	10038
52	11	9	7307
26	35	1	8562
112	216	22	11999
73	40	18	16039
55	80	20	8766
83	65	13	10122
68	126	37	5427
104	105	64	10531
150	88	69	6305
431	349	234	6830
180	7	382	6497
113	30	82	4783
154	31	41	2315
173	84	141	8560
321	157	112	6082
85	13	62	4692
83	10	62	4688
52	80	28	1617
113	55	180	6636
200	70	140	5635
628	253	170	6344
51	27	27	4511
147	210	30	3685
638	183	216	1713
301	319	108	2525
52	7	69	2170
77	42	142	4577
313	44	114	4101
138	92	34	6272
115	28	50	3077
71	154	33	5146
370	93	160	6495
344	203	103	4008
95	52	77	7395
186	412	102	5303
68	35	18	2004
145	254	36	1631
265	525	120	4559
68	42	46	1697
105	53	82	9538
130	100	29	1144
172	17	174	9036
263	404	78	7661
427	64	145	4997
188	114	71	6020
78	85	19	5058
179	116	107	5947
0	283	13	6975
305	102	142	5848
86	420	38	6330
124	34	54	4446
71	90	80	10401
76	42	103	5769
97	55	75	4008
150	284	61	2941
166	61	53	2263
99	55	185	4719
185	160	161	8882
96	31	23	4644
432	150	117	6078
192	86	36	4371
116	63	23	9031
61	10	2	345
156	276	39	5904
108	20	73	6538
67	91	32	901
80	17	43	4936
157	92	33	4400
429	517	114	3479
164	102	88	7923
26	16	17	3619
74	27	8	1901
72	60	13	3807
117	86	24	2658
59	66	22	5554
312	43	51	204
93	59	32	5261
66	65	29	5222
180	55	97	7411
215	133	133	5440
73	49	30	5001
92	200	60	5638
115	205	43	2841
349	392	267	6453
103	50	54	310
155	67	126	5475
52	47	22	2989
167	39	118	5787
273	165	56	4522
185	112	41	6064
216	131	170	7764
96	97	33	5620
66	44	32	5057
276	48	218	4933
147	49	73	5993
140	19	95	5425
91	52	21	4629
146	90	84	8954
227	147	63	3754
51	35	29	5211
237	157	28	5290
149	32	72	4538
134	176	51	11064
653	144	147	6039
85	109	33	6724
89	282	35	5599
125	166	17	2636
161	89	45	8160
327	216	36	1948
96	46	48	6281
334	94	130	5898
295	162	160	6981
327	279	52	9028
186	254	25	6652
726	72	281	6219
437	158	64	3234
104	174	21	4257
53	240	24	6346
161	202	37	7034
236	163	138	1168
28	16	8	4796
85	73	102	6412
55	40	11	4730
173	47	82	5657
319	263	21	1777
135	84	29	5279
96	21	4	271
93	32	124	5859
202	40	4	204
154	85	83	5547
96	137	44	7458
163	122	137	6246
250	165	92	13578
59	26	21	3974
450	197	121	6037
202	112	23	5145
92	102	264	6874
42	16	38	4844
150	92	82	6937
383	136	95	4988
60	31	70	4887
318	130	120	4381
119	149	47	5308
183	147	33	5549
124	34	61	9722
185	41	47	6159
38	17	8	607
70	87	10	4720
36	13	27	4417
54	48	14	4346
200	257	29	4889
240	170	71	6449
117	87	22	4057
71	139	69	6186
122	432	14	4863
119	213	45	5017
30	7	6	258
190	231	39	6963
490	228	134	4908
144	55	85	6205
145	113	171	6223
97	49	59	5286
87	25	83	4670
73	32	12	5584
170	228	19	5901
100	52	118	6475
25	18	9	4770
319	67	10	204
132	97	194	7935
97	50	62	6071
227	35	76	5011
149	61	46	8573
90	81	44	7286
56	60	72	6528
104	42	57	7820
208	129	163	8946
106	234	16	6169
210	118	105	6275
125	188	28	4700
416	102	165	4645
214	191	92	7026
122	81	84	6012
61	76	15	5855
12	65	2	639
89	79	14	4573
66	50	43	7059
154	271	60	8773
381	141	72	10556
99	276	78	8655
89	112	12	4097
166	94	31	5940
142	221	44	6675
246	59	180	7697
149	95	46	5561
88	193	63	6752
167	438	19	5993
52	63	4	4259
474	649	90	8887
138	111	47	5010
157	207	95	13397
42	27	5	9032
33	32	5	6337
90	74	35	5706
116	77	57	6097
140	126	63	10120
161	97	23	8394
364	232	199	10681
138	57	64	10201
213	224	181	16795
147	75	24	11205
46	12	21	8248
93	66	40	13263
178	158	37	12935
55	62	9	7363
343	148	143	9337
71	24	60	6511
150	33	1	500
75	37	3	483
223	227	69	7767
310	56	116	11537
81	60	11	8171
30	38	2	5230
84	40	8	10659
136	70	19	10626
168	82	58	23128
23	67	2	4681
119	51	14	4432
0	1	0	1197
2	1	0	1219
50	28	1	3809
58	13	59	6534
24	220	23	11914
137	58	141	7022
28	3	24	31097
108	121	54	8895
39	23	20	6790
132	299	128	13063
39	23	41	9948
124	587	170	2517
147	331	35	1984
61	39	2	1344
71	81	29	839
81	14	14	2873
241	283	44	1783
56	38	14	1077
117	421	31	2327
149	166	35	988
72	33	10	936
35	30	6	1209
150	122	58	1344
289	332	222	1745
81	178	11	1672
379	56	38	820
54	71	8	3108
39	123	10	611
82	91	40	7480
134	82	19	868
78	28	86	5999
26	74	10	1274
26	127	32	6858
105	51	173	3082
64	100	28	5754
94	18	90	17181
64	29	48	8818
164	283	226	5839
49	56	9	1927
64	57	8	518
106	251	11	1192
200	140	30	644
190	101	57	2185
59	609	4	1839
22	51	20	1995
17	143	52	14121
136	147	75	6841
548	189	714	17796
57	8	79	41089
179	412	141	6509
96	159	44	1863
222	163	64	766
176	22	8	830
167	276	60	11179
82	93	37	972
72	125	96	6118
16	10	4	1704
283	708	450	27854
78	48	30	347
97	116	27	3032
76	344	50	5426
71	100	32	8964
27	17	4	614
167	256	17	2228
52	102	8	1102
117	301	29	2049
70	59	7	791
146	267	45	4706
68	52	98	5476
172	43	22	164
195	153	117	2843
265	216	160	5052
0	93	32	1322
75	212	15	3882
26	7	8	18367
280	292	161	23649
52	53	44	8057
272	456	87	6792
205	104	173	13266
34	199	16	667
39	41	9	1334
103	62	37	2234
111	29	275	5726
116	181	35	537
117	184	32	4264
103	145	23	2680
364	308	194	43602
91	119	29	4211
68	274	12	2366
47	10	5	1541
100	260	40	2201
65	132	8	3005
76	70	41	3777
86	189	6	442
215	386	502	13315
45	33	11	2835
88	47	101	5640
240	287	70	19417
49	219	103	1059
133	135	113	7811
110	65	68	11089
44	48	11	1390
222	395	26	842
105	133	19	5954
176	672	35	1368
110	25	27	13380
304	85	196	8263
30	163	13	1618
98	93	16	3468
165	97	65	2000
85	58	16	2399
86	26	31	5063
65	257	41	1418
138	244	74	6897
161	73	132	4584
308	194	53	10758
196	484	47	1666
156	62	107	7326
100	78	7	2043
29	98	3	1693
165	51	28	4970
47	158	8	1072
75	165	15	845
51	85	19	21357
103	189	52	10937
116	90	32	2559
140	103	37	6600
254	154	78	10272
185	129	23	11804
30	12	3	265
38	38	6	2049
391	548	730	9913
371	463	211	10481
81	149	46	13517
82	95	10	1096
60	83	16	7953
193	463	103	8397
99	16	30	1068
89	24	14	7702
63	28	11	1368
121	69	140	5556
77	93	23	2505
72	24	37	13399
71	76	20	11437
12	56	2	76
39	9	10	29030
178	98	48	16257
119	91	8	1150
318	246	21	1821
32	57	12	1767
118	64	42	3925
44	19	18	1430
71	18	47	8333
112	99	44	1854
46	29	11	1873
88	29	7	66
75	35	69	29911
275	169	52	14712
194	105	143	10378
36	360	3	1231
36	52	31	968
40	29	5	116
14	57	4	1970
123	164	79	4407
108	217	33	10110
131	281	55	1268
44	144	30	2304
366	142	15	1035
79	97	7	763
171	69	152	22405
155	144	6	1846
135	205	235	7993
110	116	9	3131
131	59	11	939
178	163	289	812
70	35	29	35933
107	86	123	47669
54	79	39	6053
101	62	30	6272
208	214	41	2378
167	552	22	714
38	20	18	845
103	96	7	2460
31	29	5	926
51	150	9	592
71	189	3	2323
201	309	81	1790
35	75	3	1276
160	163	46	12991
67	90	16	3780
240	1551	76	5817
384	108	89	11012
21	62	6	1820
274	147	128	10864
217	307	81	4429
59	26	17	681
74	50	34	6465
36	12	6	9490
53	43	6	1340
97	47	14	4603
30	15	4	539
119	286	16	1136
197	174	53	6878
72	251	50	8082
52	165	9	1211
112	232	10	12663
37	19	7	5415
62	166	6	1952
125	166	18	7297
79	130	15	15463
58	179	7	769
49	11	6	834
29	38	3	776
0	33	0	264
187	409	18	2113
90	22	3	1058
74	202	7	1175
63	20	3	1319
37	52	4	400
141	119	7	3503
50	33	1	623
82	205	6	674
24	5	4	1120
62	70	0	1812
67	105	23	19493
59	147	2	1494
29	65	4	2331
136	74	16	1375
266	161	76	13774
54	325	26	2042
13	9	0	3730
158	181	17	5347
119	89	28	4763
102	348	23	1336
212	238	33	15621
32	11	28	29165
90	106	1	3043
66	133	6	2950
19	54	1	2722
144	330	21	9862
105	127	25	7411
77	31	49	3662
182	233	28	1641
275	333	59	5398
48	29	1	2561
106	95	23	15764
51	74	6	5694
90	39	23	6984
99	386	22	7879
81	76	6	1299
81	539	6	1885
100	77	61	6185
63	46	1	2286
106	105	8	8709
364	275	152	15996
112	223	11	985
29	11	9	5645
123	58	15	7056
199	65	48	8009
63	12	17	17295
56	35	1	1494
26	54	1	2489
68	37	19	3220
17	48	3	745
78	38	98	22250
271	46	40	2246
79	83	1	1247
86	31	54	8415
137	161	74	17260
62	53	13	8078
65	354	6	1536
76	114	10	4961
100	74	10	6499
120	245	6	771
34	84	0	1938
109	550	14	1351
86	431	11	5596
83	234	22	1371
95	84	15	5002
43	40	8	6739
132	120	136	4197
64	26	1	2296
0	40	0	1591
79	39	24	17978
136	395	33	9437
50	106	1	3014
166	100	37	2356
376	93	212	13858
53	73	1	15400
48	61	1	4895
66	33	5	7973
0	0	0	834
114	62	43	9454
0	44	1	793
60	138	5	865
80	35	3	7720
112	593	15	1923
65	260	22	5703
95	260	1	754
75	30	7	3955
209	87	136	26303
122	236	20	2013
108	70	19	9574
84	367	3	695
72	10	24	6274
83	54	21	11632
68	280	16	661
13	7	0	1005
80	92	5	3990
122	205	1	744
77	218	0	5310
58	148	0	660
69	173	5	1971
105	540	7	1133
27	24	2	11840
35	87	16	1010
78	243	14	29808
39	55	8	11613
125	48	5	1714
36	72	0	1952
80	56	18	3865
52	231	10	9896
114	273	1	1395
53	90	3	6452
95	31	59	25006
30	21	14	4849
54	89	29	27350
100	218	1	10328
84	186	1	832
64	35	23	15131
115	47	1	8765
0	70	11	2593
44	118	2	2708
60	188	2	922
56	57	0	378
35	38	4	5413
96	14	75	5785
43	30	1	5378
26	44	1	3241
182	941	92	8519
122	52	1	798
43	24	2	8179
64	25	1	891
100	90	9	12318
0	38	4	2877
101	72	11	7610
48	21	20	8032
75	71	20	12957
0	6	13	9851
35	35	1	1174
38	4	10	4880
15	71	2	2183
103	66	1	4127
120	54	15	2399
47	6	11	10548
54	84	1	13969
47	62	1	1919
50	64	1	6300
24	85	6	10187
75	41	11	13513
97	60	4	3054
22	30	0	1411
166	47	98	36179
100	63	1	911
36	65	9	13509
34	62	10	9566
0	56	1	2236
68	158	26	1491
38	5	7	7225
22	13	1	1119
39	18	1	3069
80	59	7	6014
71	273	18	4024
54	15	17	5520
68	123	1	1127
19	17	1	12946
165	141	17	3418
29	15	6	6003
44	47	22	4069
31	3	8	17926
46	37	8	7866
51	11	22	20179
27	4	9	14591
31	6	12	9073
22	2	1	1669
43	46	5	9174
39	68	1	23231
28	80	20	16059
27	76	3	6738
37	34	0	5608
15	7	1	1076
40	225	10	1543
54	335	22	6694
38	4	11	12361
20	11	0	403
33	111	1	1674
91	46	125	28357
78	18	3	2601
26	15	0	645
36	140	8	6526
0	0	0	1094
26	16	1	7263
29	10	8	6095
11	2	0	833
20	19	0	2553
51	76	13	15726
39	52	3	12353
31	23	0	5535
57	63	51	16359
18	12	1	804
38	153	5	5314
30	14	1	11089
34	23	1	5178
19	4	0	551
68	78	25	7979
34	18	1	9806
21	25	0	1511
13	0	0	675
12	0	0	593
0	0	0	593
40	37	7	12413
12	2	0	593
50	128	0	1554
40	7	0	589
47	77	9	5182
65	25	10	6006
28	48	4	3966
28	29	1	6002
14	211	1	2472
42	73	13	13089
16	6	0	1221
34	15	1	2032
80	94	1	6112
53	47	7	7345
75	83	5	20108
30	6	1	1988
61	63	17	14847
73	121	1	1739
33	81	0	5384
25	82	11	5240
39	10	1	10209
25	19	0	7237
14	0	0	1008
38	78	1	8411
31	3	1	7627
22	2	0	1046
38	17	4	11230
22	32	2	7479
30	24	2	15631
71	204	1	957
30	93	0	1393
46	31	1	5689
34	6	4	11182
26	21	1	1545
28	78	3	6590
26	15	1	9176
40	26	1	16667
10	16	0	1811
33	153	2	3010
19	6	0	8481
18	7	1	3089
70	75	13	7798
11	16	0	1483
29	23	0	2153
21	11	1	11542
24	9	1	2851
31	5	8	14759
29	12	1	8512
27	80	3	6414
40	46	2	11264
30	8	0	11217
14	8	0	1237
39	18	0	1673
23	11	5	12641
32	8	1	7313
64	25	19	8515
13	19	1	2082
61	16	7	20464
75	14	0	2701
37	6	0	4746
32	5	1	9337
13	16	1	2029
30	6	1	4949
34	25	9	19039
39	22	1	8913
53	29	4	17944
27	10	0	3066
17	5	0	1529
15	4	0	1721
48	26	10	15443
106	87	23	8510
36	31	1	21750
12	3	0	576
25	17	0	4940
25	49	0	1655
32	12	1	8592
35	12	7	11265
56	13	4	11286
65	40	1	11165
7	5	1	1371
31	14	0	8207
35	13	6	11993
54	132	21	20582
9	5	0	2895
31	9	1	14410
33	21	2	2004
33	20	0	6719
37	43	8	11967
51	38	2	25588
24	29	0	8505
29	55	1	16366
49	23	6	21119
27	37	0	7207
26	16	0	6787
44	9	9	7314
80	40	19	13281
0	17	2	781
50	69	1	8745
34	5	0	613
43	12	6	7184
38	70	1	6054
37	2	1	5442
81	34	1	6984
28	37	0	10715
25	10	1	6448
38	17	1	16242
48	7	8	9951
26	57	1	13471
30	13	0	10084
43	22	1	8618
62	28	1	10473
53	57	101	16088
27	218	1	2443
44	38	7	9943
33	12	2	7588
35	23	1	8889
32	16	1	14709
38	26	3	13672
22	0	0	5532
41	40	4	15525
18	9	1	9043
48	30	6	21906
27	6	6	9832
12	11	0	19823
18	0	1	6167
0	0	60	12008
46	2	1	3187
23	9	1	4174
18	29	1	5831
30	33	1	4390
53	50	7	3697
17	7	0	3395
21	65	14	5235
13	11	0	5832
29	9	20	20432
25	20	1	2267
29	12	1	13034
20	21	1	9390
39	19	7	5925
23	4	0	988
30	21	8	11242
70	37	21	17760
61	35	46	8884
40	45	1	1993
18	5	1	10163
26	9	1	8713
19	2	8	8817
13	10	1	803
58	27	52	31351
12	5	0	1567
11	4	0	6571
11	0	1	11967
15	6	1	8926
57	34	3	5698
24	2	9	22626
16	23	0	4555
19	6	1	10895
24	11	2	4975
30	116	6	13978
1	0	0	1530
0	0	0	1221
16	8	7	12303
0	1	0	1072
0	2	0	1172
0	0	0	2337
11	12	1	8478
43	3	3	11518
10	5	0	4978
14	13	0	22542
0	0	0	2393
2	0	0	1318
0	0	0	1624
1	0	0	2162
8	7	0	9176
11	19	1	8354
10	19	0	10474
14	68	5	12024
3	0	0	4255
12	6	0	2148
12	2	1	2367
10	19	0	7615
1	0	0	1595
18	31	17	12114
11	4	0	8384
9	0	0	1311
11	8	2	10724
